번호,시도,시군구,운영주체,산후조리원,주소,전화번호,일반실,특실
1,서울,종로구,민간,올리비움산후조리원,서울시 종로구 통일로 16길 4-1,02-730-1717,470,2000
2,서울,종로구,민간,라솜산후조리원(창경궁점),"서울시 종로구 율곡로 174 2,3,4층",02-763-5400,420,520
3,서울,중구,민간,더드림산후조리원,"서울시 중구 다산로 36길11 6,7F",02-2231-6375,350,430
4,서울,중구,민간,레피리움산후조리원(용산마포점),중구중림로31 1층,02-6012-1010,400,
5,서울,용산구,민간,트리니티산후조리원,서울시 용산구 청파로20길 95 서울드레곤시티 39층,10-3579-5993,1300,1900
6,서울,성동구,민간,이든포레산후조리원,"성동구 고산자로6길 40, 6층",02-2291-1004,450,
7,서울,광진구,민간,예그리나산후조리원, 구의로 28 2층(구의동),02-457-6020,300,
8,서울,광진구,민간,광진아기맘미소산후조리원, 뚝섬로 503 3층(자양동),02-447-0065,320,
9,서울,광진구,민간,궁산후조리원(구의점), 자양로 192(구의동),02-453-0640,440,580
10,서울,동대문구,민간,마드레산후조리원,서울 동대문구 전농로 102,1599-3270,380,430
11,서울,동대문구,민간,린산후조리원,"답십리로268 해림빌딩 3,4층",02-2243-5353,320,420
12,서울,동대문구,민간,린아미에산후조리원,장한로119 삼성쉐르빌 2층,02-2246-2001,290,
13,서울,동대문구,민간,블리스산후조리원,동대문구 천호대로 317 (하늘병원9층),02-2212-2582,400,550
14,서울,동대문구,민간,베베리타산후조리원,"답십리로 269, 화성빌딩 7,8층",02-2213-5889,280,350
15,서울,동대문구,민간,삼육병원부속산후조리원,동대문구 망우로 82,02-2210-3399,250,306
16,서울,중랑구,민간,아이맘-s산후조리원,서울시 중랑구 망우로 411 3층,02-495-0123,310,330
17,서울,중랑구,민간,뉴이자르산후조리원,"서울시 중랑구 중랑역로 257, 5층",02-972-0808,290,350
18,서울,중랑구,민간,궁산후조리원(신내점),서울시 중랑구 신내로16길 76,02-3421-5553,440,600
19,서울,성북구,민간,라솜산후조리원(성북지점),서울특별시 성북구 동소문로 48. 3층,02-922-1400,390,
20,서울,성북구,민간,마리아산후조리원,서울특별시 성북구 화랑로 248. 8층,02-2088-7387,300,
21,서울,강북구,민간,햇빛병원부설 햇빛산후조리원,서울특별시 강북구 도봉로 131,02-996-1511,440,550
22,서울,강북구,민간,맘스텔라산후조리원,"서울특별시 강북구 도봉로 136, 7층",02-985-3542,310,
23,서울,도봉구,민간,에이치큐브산후조리원,"서울특별시 도봉구 도봉로 604(창동) 에이치큐브병원 7, 8층",02-995-8000,420,490
24,서울,도봉구,민간,마미캠프산후조리원,서울특별시 도봉구 해등로 125(창동) 한영빌딩 2층,02-973-0500,300,
25,서울,도봉구,민간,소중한맘산후조리원,"서울특별실 도봉구 도봉로 575, 7층",02-903-0033,310,
26,서울,노원구,민간,제이미산후조리원,"서울특별시 수락산로 232, 3층(상계동, 미네르바빌딩)",02-935-7979,280,
27,서울,노원구,민간,노원라테라산후조리원,서울특별시 상계로7길 17(상계동),02-951-2300,370,
28,서울,노원구,민간,와이엘산후조리원,"서울특별시 초안산로5길 12, 5층(월계동, 월계프라자)",02-904-8034,310,
29,서울,노원구,민간,모아드림산후조리원,"서울특별시 상계로5길 9(상계동, 호영빌딩)",02-937-7777,290,320
30,서울,노원구,민간,더블레스산후조리원,"서울특별시 노원로 240(하계동, 백경빌딩)",02-949-2223,390,450
31,서울,은평구,민간,인정산후조리원,서울시 응암로 164,02-2187-1430,290,390
32,서울,은평구,민간,더은혜산후조리원,서울시 진흥로 133,02-388-5638,290,310
33,서울,은평구,민간,아이젤산후조리원,서울시 서오릉로 82,02-355-0069,280,
34,서울,은평구,민간,라크렘산후조리원,서울시 서오릉로 145,02-356-5422,250,380
35,서울,은평구,민간,레피리움산후조리원,서울시 통일로 856,02-6941-1231,450,
36,서울,은평구,민간,라솜산후조리원,서울시 응암로 235,02-6010-0702,300,340
37,서울,서대문구,민간,제이산후조리원,서울특별시 서대문구 통일로 442,02-2153-7788,315,378
38,서울,서대문구,민간,레피리움네이처산후조리원(서대문점),"서울특별시 서대문구 신촌역로 10, 6층",02-362-7500,390,420
39,서울,서대문구,지자체,서대문구공공산후조리원 품애가득,서울특별시 서대문구 증가로30길 45 ,02-3210-1050,250,
40,서울,마포구,민간,레피리움시그니처산후조리원(홍대점),서울특별시 마포구 월드컵북로 137,02-3142-3003,390,420
41,서울,마포구,민간,아이린산후조리원(망원점),서울특별시 마포구 월드컵로 155,02-3142-1212,280,300
42,서울,마포구,민간,라펠리체산후조리원,서울특별시 마포구 월드컵북로 497,02-306-2617,440,520
43,서울,양천구,민간,보네르아샤산후조리원(강서점),서울특별시 양천구 화곡로 64 동화빌딩 2층,02-2698-3588,340,
44,서울,양천구,민간,뉴이자르산후조리원(목동점),서울특별시 양천구 목동중앙남로3가길 127 상진지오밸리 2층,02-2061-6001,370,450
45,서울,양천구,민간,퀸즈마리산후조리원,서울특별시 양천구 은행정로 5 에벤에셀프라자 5층,02-2647-0100,330,
46,서울,양천구,민간,밝은미래산후조리원,서울특별시 양천구 남부순환로 654 10층,02-2612-1000,290,
47,서울,양천구,민간,팰리스산후조리원,서울특별시 양천구 신월로 164 승일뷰티타워 7층,02-2601-3588,380,480
48,서울,양천구,민간,레피리움시그니쳐산후조리원(목동점),서울특별시 양천구 오목로 325 대학빌딩 6층,02-6491-1001,500,
49,서울,양천구,민간,포미즈타임산후조리원,서울특별시 양천구 공항대로 610,02-2651-7500,370,550
50,서울,양천구,민간,목동제일산후조리원,서울특별시 양천구 중앙로 300 시온빌딩 6~8층,02-6927-3649,280,300
51,서울,강서구,민간,유광사산후조리원,서울특별시 강서구 강서로 198 (화곡동) 5~7층,1588-3006,260,
52,서울,강서구,민간,퀸즈마리산후조리원(가양점),서울특별시 강서구 양천로 461 (가양동) 주영빌딩 5층,02-2659-0031,300,360
53,서울,강서구,민간,(주)목동라테라산후조리원,서울특별시 강서구 등촌로 45 (화곡동) 5층,02-2653-3588,440,640
54,서울,강서구,민간, 궁산후조리원(강서점),서울특별시 강서구 양천로 600 (등촌동) 파인블루빌딩 3~4층,02-2083-0600,440,520
55,서울,강서구,민간,리베산후조리원,서울특별시 강서구 마곡중앙5로 81 (마곡동) 에스비타운 6층,02-2664-6999,370,450
56,서울,강서구,민간,서울미래아이산후조리원,서울특별시 강서구 양천로 354 (가양동) 옥천빌딩 2~5층,02-3661-1115,370,
57,서울,강서구,민간,(주)에빠토르베르쏘산후조리원,서울특별시 강서구 공항대로48길 13-5 (화곡동) ,02-2602-1210,680,1200
58,서울,강서구,민간,드팜므산후조리원,"서울특별시 강서구 마곡중앙8로 5길 11 (마곡동) 마곡파인스퀘어Ⅲ 4,5층(마곡동)",02-3664-1265,715,1820
59,서울,구로구,민간,로얄사임당산후조리원(천왕점),"서울특별시 구로구 천왕로 106, 5층",02-2688-6200,260,
60,서울,구로구,민간,맘스퀘어산후조리원,"서울특별시 구로구 경인로 240, 102동 2층",02-2611-7322,320,350
61,서울,구로구,민간,미래산후조리원,서울특별시 구로구 서해안로 2296,02-2682-2400,300,
62,서울,구로구,민간,민전산후조리원,서울특별시 구로구 경인로 322,02-2060-9315,270,300
63,서울,구로구,민간,아름제일산후조리원 1관,서울특별시 구로구 새말로 94,02-856-9301,450,540
64,서울,금천구,민간,VIP산후조리원,금천구 시흥대로 429 3층,02-851-1566,280,390
65,서울,금천구,민간,MJ산후조리원,금천구 시흥대로 415 4~5층,02-2109-3003,320,350
66,서울,영등포구,민간,라솜산후조리원,영등포구 선유로63 동신타워5층,02-2679-5005,390,420
67,서울,영등포구,민간,더아이리스산후조리원,영등포구 영중로 140 드림프라자 A동 4층,02-2068-6167,320,360
68,서울,영등포구,민간,리더스산후조리원,서울시 영등포구 선유로 59(문래동 6가) 문래아카데미빌딩 6층,02-3667-3579,380,400
69,서울,영등포구,민간,메르디앙산후조리원,서울시 영등포구 도신로 116(신길동),02-848-3579,350,510
70,서울,동작구,민간,청화병원부설산후조리원,서울특별시 동작구 장승배기로 108,02-6496-5650,320,430
71,서울,동작구,민간,카리스산후조리원(보라매점),서울특별시 보라매로 5가길 16. 아카데미403,02-833-2227,330,380
72,서울,관악구,민간,로얄사임당산후조리원(서울대),서울시 관악구 남부순환로1802 관악캠퍼스타워 3층,02-873-1112,370,470
73,서울,관악구,민간,로얄사임당산후조리원(봉천),서울시 관악구 양녕로46 메카플러스 8층,02-889-0700,,470
74,서울,서초구,민간,㈜사임당아모리움산후조리원,서초구 서운로 216(서초동 동인빌딩),02-533-6169,430,620
75,서울,서초구,민간,SK산후조리원,"서초구 동작대로 172 ,301호",02-592-0020,500,
76,서울,서초구,민간,센트리움산후조리원,서초구 고무래로22,02-535-3853,460,530
77,서울,서초구,민간,서래네송스산후조리원,"서초구 사평대로18길 10호 6,7,8층",02-537-3232,450,550
78,서울,강남구,민간,한아름산후조리원,서울시 강남구 논현로 98 ?(개포동),02-3412-0101,420,500
79,서울,강남구,민간,호산산후조리원,서울시 강남구 압구정로38길 6  (신사동),02-1577-7611,460,680
80,서울,강남구,민간,세인트파크산후조리원,서울시 강남구 삼성로120길 30 (삼성동),02-514-9781,700,1300
81,서울,강남구,민간,더궁산후조리원,서울시 강남구 봉은사로111길 13 (삼성동),02-547-5047,590,1300
82,서울,강남구,민간,M&H산후조리원,서울시 강남구 언주로707  (논현동),02-3446-3434,590,790
83,서울,강남구,민간,그녀의정원드라마산후조리원,서울시 강남구 언주로303(역삼동),02-3453-4628,1000,1200
84,서울,강남구,민간,트리티니산후조리원(삼성점),서울시 강남구 삼성로548 (삼성동),02-508-0013,655,798
85,서울,강남구,민간,도곡궁산후조리원,서울시 강남구 도곡로6길 13(도곡동),02-577-8677,630,1500
86,서울,강남구,민간,헤리티지산후조리원,서울시 강남구 삼성로 635(삼성동),02-518-2433,1700,2700
87,서울,강남구,민간,청담마리더블레스산후조리원,서울시 강남구 학동로97길 21-3(청담동),02-3471-2233,748,2000
88,서울,강남구,민간,드라마글로벌산후조리원,서울시 강남구 언주로303(역삼동),02-3453-4628,1200,3800
89,서울,강남구,민간,궁산후조리원(강남본원지점),서울시 강남구 언주로107길 35  (역삼동),02-555-9550,730,2000
90,서울,강남구,민간,윤호산후조리원,서울시 강남구 압구정로 304 (신사동),02-2015-2540,460,510
91,서울,강남구,민간,헤리티지산후조리원 2호점,서울시 강남구 영동대로 141길 20,02-517-2433,820,1360
92,서울,강남구,민간,엘산후조리원,서울시 강남구 자곡로 110,02-579-0303,700,1300
93,서울,강남구,민간,아니다산후조리원,"서울시 강남구 선릉로 629, A동 4층",02-3445-9992,1500,2500
94,서울,송파구,민간,라렌느산후조리원,"서울시 송파구 석촌호수로156 썬프라자 6,7층",02-414-3322,310,350
95,서울,송파구,민간,라벨메르산후조리원,서울시 송파구 송파대로3(중기빌딩 4층5층),02-484-3710,320,380
96,서울,송파구,민간,레이나산후조리원,서울시 송파구 마천로4,1661-3118,500,550
97,서울,송파구,민간,보네르아샤산후조리원,"서울시 송파구 백제고분로50길 7-7, 3~5층)",02-422-3588,260,320
98,서울,송파구,민간,베르사유산후조리원,서울시 송파구 석촌호수로 210 ,02-413-0035,490,830
99,서울,송파구,민간,소피아산후조리원,"서울시 송파구 중대로 317, 3,4층",02-3401-1004,400,450
100,서울,송파구,지자체,송파산모건강증진센터산후조리원,서울시 송파구 충민로2길 20,02-431-3535,209,
101,서울,송파구,민간,포유문산후조리원,서울시 송파구 양재대로 60길 3,02-6425-1600,390,580
102,서울,송파구,민간,푸른잎산후조리원,서울시 송파구 양산로12 세신훼미리타운 6층,02-431-9694,260,340
103,서울,강동구,민간,가율산후조리원,"서울특별시 강동구 천호대로 1128, 웰빙메디컬빌딩 6~7층 (성내동)",02-485-0087,280,310
104,서울,강동구,민간,강동드림산후조리원,"서울특별시 강동구 상일로12길 97, 강동드림산부인과 3층 (상일제2동)",02-341-4567,300,380
105,서울,강동구,민간,강동맘스산후조리원,"서울특별시 강동구 천호대로 1099, 6층 (천호동)",02-485-2151,300,330
106,서울,강동구,민간,(주)라파엘산후조리원,"서울특별시 강동구 올림픽로 833, 매일우리아이센타 3~6층 (암사동)",02-2135-6800,350,500
107,서울,강동구,민간,마벨산후조리원,"서울특별시 강동구 성안로 156, 우주빌딩 4층 (길동)",02-472-6565,350,
108,서울,강동구,민간,몽쉘베베산후조리원,"서울특별시 강동구 양재대로 1657-11, 대은상가 5층 (명일동)",02-429-6777,330,
109,서울,강동구,민간,예그리나산후조리원,"서울특별시 강동구 아리수로 421, MIDC빌딩 7,8층 (강일동)",02-3428-3535,320,
110,서울,강동구,민간,트리니티산후조리원(강동송파점),"서울특별시 강동구 강동대로 143-64, 태창타워 3층 (성내동)",02-486-3300,546,610
111,서울,강동구,민간,퍼스트스마일산후조리원,"서울특별시 강동구 천호대로159길 13, 퍼스트스마일산후조리원 (천호동)",1661-0997,350,430
112,서울,강동구,민간,헤라산후조리원,"서울특별시 강동구 양재대로 1498, 4~5층 (길동, 호석빌딩)",02-6483-0088,470,630
113,부산,서구,민간,구세산후조리원,부산광역시 서구 구덕로114(충무동1가),051-253-5555,180,280
114,부산,동구,민간,좋은문화산후조리원,부산광역시 동구 범일로 89번길 69,051-643-3700,270,380
115,부산,부산진구,민간,미래여성산후조리원,부산광역시 부산진구 가야대로 459,051-890-9998,310,440
116,부산,부산진구,민간,아이사랑산후조리원,부산광역시 부산진구 가야대로 472,051-890-7180,310,350
117,부산,동래구,민간,좋은날에드라마산후조리원,부산광역시 동래구 충렬대로 449(안락동),051-529-3545,260,300
118,부산,남구,민간,마미캠프산후조리원,"부산광역시 남구 수영로 294, 동일 스위트 3층",051-621-1242,270,550
119,부산,북구,민간,화명일신기독병원산후조리원,부산광역시 북구 금곡대로 83,070-4498-6070,220,300
120,부산,북구,민간,미래로산후조리원,"부산광역시 금곡대로 15,  7,8,9층 산후조리원",051-330-5620,260,460
121,부산,북구,민간,미즈웰산후조리원,부산광역시 북구 금곡대로280-7,051-797-7770,210,290
122,부산,해운대구,민간,엘리움산후조리원,부산광역시 해운대구 해운대로 794 12층,051-711-2004,398,1100
123,부산,해운대구,민간,제일여성산후조리원,부산광역시 해운대구 좌동로 66,051-743-0331,290,
124,부산,해운대구,민간,퀸즈힐산후조리원,부산광역시 해운대구 해운대로 794 13층,051-715-5150,385,1650
125,부산,사하구,민간,뉴본산후조리원,부산광역시 사하구 낙동대로 234(괴정동),051-910-7180,200,260
126,부산,사하구,민간,㈜에디스산후조리원,부산광역시 사하구 낙동대로 363 (당리동),051-206-0999,260,300
127,부산,사하구,민간,미래아이산후조리원,부산광역시 사하구 낙동남로 1388 (하단동),051-200-9900,238,368
128,부산,금정구,민간,순산후조리원 신관,부산광역시 금정구 중앙대로 1689,051-582-0070,300,480
129,부산,연제구,민간,연제일신산후조리원,부산광역시 월드컵대로 120번길 15 ,051-852-2031,400,600
130,부산,연제구,민간,위대한탄생산후조리원,부산광역시 연제구 중앙대로1083,051-862-0010,240,300
131,부산,수영구,민간,광안자모병원산후조리원,부산광역시 수영구 수영로 555,051-760-0570,360,900
132,부산,기장군,민간,정관일신기독산후조리원,"부산광역시 기장군 정관읍 정관6로 31, 9층",051-780-0640,235,345
133,부산,기장군,민간,아이앤젤산후조리원,"부산광역시 기장군 정관읍 정관로 601, 5층",051-997-3579,280,360
134,부산,강서구,민간,웰하이산후조리원,"부산광역시 강서구 명지오션시티4로 95 9층, 10층 ",051-204-5282,240,
135,대구,동구,민간,아델리아산후조리원,대구 동구 안심로 54(율하동),053-963-6663,280,340
136,대구,서구,민간,닥터안산후조리원,대구광역시 서구 서대구로 49,053-562-7114,240,300
137,대구,북구,민간,신세계병원산후조리원,대구광역시 북구 동북로 196,053-954-7771,220,290
138,대구,북구,민간,로즈마리산후조리원,대구광역시 북구 팔거천동로 215,053-210-7737,290,320
139,대구,북구,민간,웰(well)산후조리원,대구광역시 북구 팔거천동로 218,053-314-0113,270,330
140,대구,북구,민간,류정선산후조리원,대구광역시 북구 학정로 415,053-325-2900,240,260
141,대구,수성구,민간,엘리자벳산후조리원,대구광역시 수성구 무학로 25,053-765-8585,300,390
142,대구,수성구,민간,지온산후조리원,대구광역시 수성구 청수로 166,053-765-0057,320,350
143,대구,수성구,민간,시엘산후조리원,대구광역시 수성구 달구벌대로 3316,053-241-1009,300,350
144,대구,수성구,민간,본느마망산후조리원,대구광역시 수성구 수성로38길 33,053-721-7071,380,430
145,대구,수성구,민간,㈜김혜정산후조리원(수성),대구광역시 수성구 명덕로 432,053-656-0012,270,380
146,대구,수성구,민간,여성메디파크산후조리원,대구광역시 수성구 동대구로 271,053-740-7760,300,350
147,대구,수성구,민간,더블유산후조리원,대구광역시 수성구 화랑로 58,053-757-2500,200,310
148,대구,달서구,민간,김혜정산후조리원,대구광역시 달서구 구마로 201,053-656-8575,270,
149,대구,달서구,민간,꿈담산후조리원,대구광역시 달서구 이곡서로 11,053-583-7447,240,270
150,대구,달서구,민간,리엘산후조리원,대구광역시 달서구 월배로 58,053-636-2221,260,340
151,대구,달서구,민간,미래산후조리원,대구광역시 달서구 와룡로 203,053-608-7000,270,340
152,대구,달서구,민간,여성아이산후조리원,대구광역시 달서구 월배로 141,070-4571-7072,270,310
153,대구,달성군,민간,로즈맘산후조리원,대구광역시 달성군 다사읍 달구벌대로 874(7층),053-592-3575,220,250
154,대구,달성군,민간,프로마드레산후조리원,"대구광역시 달성군  유가면 테크노순환로 12길 4, 7층",053-627-5555,270,310
155,인천,미추홀구,민간,더블유산후조리원,인천 미추홀구 인주대로 400,032-341-3535,380,420
156,인천,미추홀구,민간,고은여성산후조리원,인천  미추홀구 독배로 463,032-870-5314,300,
157,인천,미추홀구,민간,아이미즈산후조리원,인천  미추홀구 경원대로 890,032-435-3575,250,
158,인천,미추홀구,민간,아이소망산후조리원,"인천  미추홀구 미추로 56, 3층",032-883-6376,250,280
159,인천,미추홀구,민간,아인의료재단 아인산후조리원,인천  미추홀구 경인로 372 4층,032-459-6000,570,650
160,인천,연수구,민간,우리산후조리원,"인천  연수구 앵고개로260, 맘모스빌딩 7층",032-816-5464,330,330
161,인천,연수구,민간,미래제일산후조리원,"인천  연수구 먼우금로 189, 6층 601,603호(청학동, 소망글로벌)",032-246-0101,290,350
162,인천,남동구,민간,아이미즈산후조리원," 인천 남동구 호구포로 836, 구월프라자 7층 (구월동)",032-469-1255,250,
163,인천,남동구,민간,마이비산후리원,"인천 남동구 논고개로123번길17, 아이플랙스 7층 (논현동)",032-424-7007,300,320
164,인천,남동구,민간,리앤아이산후조리원,"인천 남동구 논고개로 71, 가산타워 5~6층(논현동)",032-270-7700,300,400
165,인천,남동구,민간,Y산후조리원,인천 남동구 논고개로 77 에코타워 10층 (논현동),032-441-5599,320,380
166,인천,부평구,민간,새봄산후조리원,인천  부평구 마장로320,032-507-7200,250,320
167,인천,부평구,민간,성모산후조리원,인천  부평구 부평대로66,032-330-7502,295,345
168,인천,계양구,민간,한림산후조리원,인천 계양구 장제로 718 3층,032-552-9696,320,399
169,인천,계양구,민간,엠엔비산후조리원,인천 계양구 장제로 772번길 2 7~8층,032-552-3500,200,220
170,인천,서구,민간,그린산후조리원,인천 서구 건지로 371(가좌동),032-574-3661,270,
171,인천,서구,민간,뉴마더맘산후조리원,인천 서구 길주로 79 성한캐슬 901호(석남동),032-577-9990,300,330
172,인천,서구,민간,더나아산후조리원,인천 서구 검단로 480 7층(오류왕길동),032-567-3582,300,340
173,인천,서구,민간,마리아산후조리원,인천 서구 가정로 358(가정동),032-571-5667,220,240
174,인천,서구,민간,청라산후조리원,"인천 서구 중봉대로 602 6,7,8층(연희동)",032-716-6006,360,
175,인천,서구,민간,크리스탈산후조리원,인천 서구 크리스탈로 84(청라동),032-584-3535,380,410
176,인천,서구,민간,탑산후조리원,"인천 서구 청마로51번안길22 3,4층(당하동)",032-463-0118,250,
177,광주,서구,민간,미즈산후조리원,광주광역시 서구 시청로 17,062-720-9000,292,387
178,광주,남구,민간,모아산후조리원,광주광역시 백양로13,10-4068-7774,192,272
179,광주,북구,민간,마더힐산후조리원,광주 광역시 북구 우치로422번길 17 6층,062-575-8787,585,780
180,광주,북구,민간,빛고을산후조리원,광주 광역시 북구 하서로 395,062-602-9200,294,500
181,광주,북구,민간,에덴병원산후조리원,광주광역시 북구 면앙로170번길10(두암동),062-260-3403,265,303
182,광주,광산구,민간,더블유산후조리원,"광주광역시 광산구 임방울대로 331, 2F~3F",062-616-9100,262,425
183,광주,광산구,민간,더엘산후조리원,"광주광역시 무진대로239 4층일부,5층",062-710-8000,700,1000
184,대전,동구,민간,가오플러스산후조리원,대전광역시 동구 은어송로 63 (가오동),042-286-3535,264,330
185,대전,동구,민간,라온산후조리원,대전광역시 동구 동서대로1683번길 33-11 (용전동),042-286-3575,288,376
186,대전,서구,민간,서울여성병원제1산후조리원,"대전광역시 서구 문정로 7, 7~10층(둔산2동)",042-488-3565,322,430
187,대전,서구,민간,서울여성병원제2산후조리원,대전광역시 서구 계룡로491번길 20(둔산2동),042-488-3565,280,
188,대전,서구,민간,모태산후조리원,"대전광역시 서구 대덕대로 189, 8~10층(둔산2동)",042-486-1114,281,391
189,대전,서구,민간,더블유산후조리원,"대전광역시 서구 문정로48번길70, 5층(탄방동)",042-485-0001,400,457
190,대전,서구,민간,예담산후조리원,"대전광역시 서구 도안대로25, 5~6층(관저1동)",042-546-9302,320,350
191,대전,서구,민간,미즈여성산후조리원,"대전광역시 서구 문정로2번길 95, 7층(탄방동)",042-476-9970,220,520
192,대전,유성구,민간,미즈제일산후조리원,대전광역시 유성구 계룡로 126,042-821-0001,275,520
193,울산,중구,민간,맘스산후조리원,울산광역시 중구 남외2길 36 (남외동),052-290-6721,260,320
194,울산,중구,민간,피오레산후조리원,울산광역시 중구 종가로 310 엠타워 10층,052-256-6011,380,475
195,울산,남구,민간,보람병원산후조리원,울산광역시 돋질로 332번길 12,052-278-4500,290,
196,울산,남구,민간,르보아산후조리원,울산광역시 대공원로 241 코오롱파크폴리스 6층 ,052-256-1052,330,
197,울산,남구,민간,리안산후조리원,"울산광역시 번영로 160, 4층",052-272-2378,350,
198,울산,동구,민간,로즈메디산후조리원,울산 동구 방어진순환도로 747,052-234-3575,240,
199,울산,북구,지자체,울산북구공공산후조리원,울산광역시 북구 호계매곡5로 60,052-294-9123,226.8,
200,세종,세종시,민간,르보아산후조리원,"세종 한누리대로 165, 세종메디피아 8층(나성동)",044-716-1004,350,380
201,세종,세종시,민간,드이자르산후조리원,"세종 갈매로 351, 에비뉴힐 3층(어진동)",044-905-1004,360,360
202,세종,세종시,민간,세종제일산후조리원,세종 한누리대로 2265,044-866-3582,160,
203,세종,세종시,민간,노블클라쎄산후조리원,"세종 한누리대로 2165, 대방디엠씨티상가 A동 308-2~314",044-867-3579,420,
204,세종,세종시,민간,봄날산후조리원,"세종 마음로 78, 세종스마트큐브2 6~7층",044-865-9596,360,
205,세종,세종시,민간,연세산후조리원,"세종 대평4길 17, 센트럴테라스6~7층",044-862-2079,430,450
206,경기,수원시,민간,베스트산후조리원,수원시 장안구 만석로 11,031-269-8833,250,320
207,경기,수원시,민간,우먼플러스산후조리원,수원시 장안구 경수대로 892,031-248-8114,300,330
208,경기,수원시,민간,더헬리아산후조리원,"경기도 수원시 권선구 금곡로197번길 18-39, 5-6층 (금곡동)",031-306-0270,500,600
209,경기,수원시,민간,(주)더케어산후조리원,"경기도 수원시 권선구 호매실로104번길 24-76, 501,601호 (호매실동)",10-3372-8184,460,
210,경기,수원시,민간,세인트마리여성병원산후조리원,경기도 수원시 권선구 금곡로197번길 70 (금곡동),031-289-3056,385,440
211,경기,수원시,민간,주식회사 루시아산후조리원,경기도 수원시 권선구 서부로1596번길 10 (고색동),031-895-8100,270,410
212,경기,수원시,민간,에덴메디여성병원산후조리원,경기도 수원시 권선구 동수원로 220 (권선동),031-236-2000,310,370
213,경기,수원시,민간,수원제일산후조리원,"경기도 수원시 팔달구 덕영대로 691-12(화서동,5층)",031-291-8205,240,290
214,경기,수원시,민간,쉬즈메디산후조리원,경기도 수원시 팔달구 경수대로 527(인계동),031-235-7337,320,680
215,경기,수원시,민간,조이풀산후조리원,경기도 수원시 영통구 반달로7번길 16 (영통동),031-205-5577,280,330
216,경기,수원시,민간,㈜미소산후조리원,경기도 수원시 영통구 반달로7번길 40 5층,031-273-0051,280,300
217,경기,수원시,민간,연세산후조리원,경기도 수원시 영통구 중부대로 333 (원천동),031-548-2020,197,230
218,경기,수원시,민간,㈜샤론산후조리원,"경기도 수원시 영통구 청명남로34번길 21, 6층 (영통동, 테라스가든)",031-204-9700,,370
219,경기,수원시,민간,㈜네이처스품산후조리원,경기도 수원시 영통구 이의동 1221-3,031-215-7347,,460
220,경기,수원시,민간,오늘산후조리원,"경기도 수원시 영통구 반달로 21, 매직프라자 6층",031-205-7776,290,400
221,경기,수원시,민간,시온산후조리원,경기도 수원시 영통구 봉영로 1605 모던타운 8층,031-206-7500,300,500
222,경기,수원시,민간,리베르리움산후조리원,경기도 수원시 영통구 삼성로 34,031-203-2301,360,480
223,경기,용인시,민간,용인제일산후조리원,용인시 처인구 중부대로 1347(김량장동),031-8031-0270,,200
224,경기,용인시,민간,마미맘스산후조리원,용인시 처인구 금학호345번길(김량장동),031-323-3510,280,
225,경기,용인시,민간,(주) 다온누리산후조리원,"용인시 기흥구흥덕2로87번길18,6층",1566-1641,219,315
226,경기,용인시,민간,루나산후조리원(동탄점),"용인시 기흥구 서천로202번길1, 5층",031-548-2705,270,
227,경기,용인시,민간,로얄산후조리원,용인시  기흥구 흥덕2로85 우연프라자 5층,031-211-2288,330,380
228,경기,용인시,민간,노블엘르산후조리원,"용인시 기흥구 구갈동352, 메가타운7층",031-286-1016,320,360
229,경기,용인시,민간,더미래산후조리원,"용인시  기흥구 죽전로 2, 6층",031-897-7988,360,400
230,경기,용인시,민간,크래들산후조리원,용인시 기흥구 죽현로80번길54,031-896-2222,300,340
231,경기,용인시,민간,벨라니산후조리원(동탄점),용인시  기흥구 농서동 413-2,031-204-2288,390,
232,경기,용인시,민간,수지미래산후조리원,"용인시 수지수 포은대로313번길 4, 6~7층",031-896-3333,315,651
233,경기,용인시,민간,알리르마리산후조리원,"용인시 수지구 손곡로 95, 4~5층",031-236-1068,350,390
234,경기,용인시,민간,(주)디엘린산후조리원,용인시 수지구 성복2로 348,031-263-8855,450,630
235,경기,용인시,민간,㈜루산후조리원,"용인시 수지구 법조로 242, 3~5층",031-225-0011,380,480
236,경기,용인시,민간,㈜베베포레스트산후조리원,"용인시 수지구 풍덕천로 149, 7층",031-272-7788,390,420
237,경기,고양시,민간,유재산후조리원," 고양시 일산동구 중앙로1317, 6~7층",031-810-9717,320,399
238,경기,고양시,민간,킹덤산후조리원," 고양시 일산동구 중앙로1072, 3층",031-908-6020,300,380
239,경기,고양시,민간,그레이스산후조리원," 고양시 일산동구 중앙로 1071, 6~8층",031-901-4000,390,600
240,경기,고양시,민간,퀸스파크산후조리원," 고양시 일산동구 위시티로18, 2층",031-932-3737,450,490
241,경기,고양시,민간,마티네차움산후조리원, 고양시 일산동구 중앙로1205,031-782-8998,530,1700
242,경기,고양시,민간,더플라워산후조리원, 고양시 화중로 72번지 6층,031-819-1000,290,320
243,경기,고양시,민간,주)세인트누보산후조리원, 고양시 덕양구 충장로 2. 센트럴빌딩8층,031-970-3335,500,550
244,경기,고양시,민간,이자르산후조리원," 고양시 덕양구중앙로558,16-6(행신동신일빌딩)",031-938-3038,220,
245,경기,고양시,민간,아이산산후조리원,일산서구 덕이로 8(덕이동),031-916-9410,260,
246,경기,고양시,민간,사랑애산후조리원,"중앙로 1443, 가람빌딩 5층(주엽동)",031-911-0704,270,
247,경기,성남시,민간,㈜드팜므산후조리원(위례점),"성남시 수정구 위례서일로 12, 9층",031-755-5366,626,750
248,경기,성남시,민간,㈜ 드이자르산후조리원,성남시 수정구 성남대로 1202,031-757-6161,300,
249,경기,성남시,민간,위례포르투나산후조리원,성남시 수정구 위례광장로 41,031-756-0006,390,
250,경기,성남시,민간,신데렐라산후조리원,성남시 수정구 수정로 80,031-723-7776,300,350
251,경기,성남시,민간,㈜오르빛산후조리원,성남시 수정구 수정로 171번길 7-1,031-721-5700,240,280
252,경기,성남시,민간,곽생로여성병원부설산후조리원,성남시 수정구 수정로73번길 16-27,031-723-7266,359,379
253,경기,성남시,민간,맘스파크산후조리원,경기도성남시중원구자혜로17번길16,031-734-0005,290,310
254,경기,성남시,민간,분당제일산후조리원,성남시 분당구 서현로180번길 29 (서현동),031-781-3631,376,400
255,경기,성남시,민간,엄마손산후조리원,성남시 분당 야탑로  32,031-703-5550,210,240
256,경기,성남시,민간,포스피탈림산후조리원,성남시 분당구 서현로 180번길13 4층,031-603-9921,330,500
257,경기,성남시,민간,디에르산후조리원,성남시 정자일로 121 더샆스타파크쇼핑몰 2층 201호,031-717-7787,450,450
258,경기,성남시,민간,플로라산후조리원,성남시 분당구 새마을로 165번길 34,031-702-3377,420,490
259,경기,성남시,민간,더팰리스산후조리원,"성남시 분당구 황새울로200번길 36, 4층",031-711-6169,380,440
260,경기,성남시,민간,데시미늄BM산후조리원,성남시 분당구구미로191 아산웰빙프라자5층,031-718-8813,380,620
261,경기,성남시,민간,디아망산후조리원,성남시 분당구서현동중앙공원로40번길4혀대카스빌딩3층,031-701-3535,300,600
262,경기,성남시,민간,주)행복가득라크렘산후조리원,성남시 분당구 새마을로 231,031-706-9988,590,990
263,경기,성남시,민간,리움산후조리원, 성남시 분당구 판교역로192번길 14-2,031-8016-1173,429,489
264,경기,성남시,민간,마벨르산후조리원,"성남시 분당구 운중로128 마크시티그린8,9층",031-702-0077,400,450
265,경기,성남시,민간,분당차병원산후조리원,성남시 분당구 야탑로 65번길 16,031-780-2998,424,609
266,경기,화성시,민간,해피본산후조리원, 화성시 향남읍 행정중앙2로 69-17,031-8059-8866,300,360
267,경기,화성시,민간,지엠산후조리원, 화성시 봉담읍 삼천병마로 1344,031-278-7373,170, 
268,경기,화성시,민간,㈜마벨르산후조리원(화성동탄점),"화성시 영통로50번길 49, 반달마을두산위브 상가동 2층(반월동)",031-273-6644,410,
269,경기,화성시,민간,동탄제일산후조리원,"경기도 화성시 동탄중앙로 381-7, 5~7층",031-8015-1115,280,
270,경기,화성시,민간,미즈파크산후조리원,"동탄지성로 139,  2,5층",031-8015-9710,230,250
271,경기,화성시,민간,위대한탄생산후조리원,"동탄대로 537, 338~342호(라스플로레스 A동)",031-372-6762,340,
272,경기,화성시,민간,아이소리산후조리원,"동탄문화센터로 61, 3층(아시아프라자)",031-8015-2022,220,260
273,경기,화성시,민간,반송제일산후조리원,"동탄공원로24, 2~5층",031-8015-0115,240,
274,경기,화성시,민간,노블아이산후조리원,"동탄신리천로 254, 5층",031-8077-2292,500,550
275,경기,화성시,민간,동탄제일프리미엄산후조리원,"삼성1로 138, 5~7층",031-266-3535,380,450
276,경기,화성시,민간,드팜므산후조리원,"동탄영천로 118, 2~4층",031-548-1809,550,900
277,경기,부천시,민간,(주)서울여성산후조리원,"부천시 길주로84, 10층,11층 (상동)",032-230-7100,320,350
278,경기,부천시,민간,초앤유산후조리원,"부천시 중동로 248번길 19, 6층 (중동)",032-322-3380,290,370
279,경기,부천시,민간,삼성미래산후조리원,"부천시 부흥로 307번길 23, 8~9층 (중동)",032-322-7500,280,320
280,경기,부천시,민간,(주)더홈산후조리원,"부천시 길주로 251, 6층 (중동,1056-3) ",032-328-3630,320,420
281,경기,부천시,민간,친정산후조리원,부천시 부천로 110-1 한위빌딩 7층 (원미동),070-4993-0511,190,250
282,경기,부천시,민간,(주)로엔산후조리원,"부천시 길주로 307, 7층 701호(중동, 로얄프라자)",032-324-2100,300,
283,경기,남양주시,민간,더퍼스트산후조리원,"경기도 남양주시 별내2로74, js타워 4층",031-574-3335,340,
284,경기,남양주시,민간,조은산후조리원,경기도 남양주시 경춘로1256번길9 4층 403호,031-511-1187,270,
285,경기,남양주시,민간,메디피아산후조리원,경기도 남양주시 경춘로 1511,031-595-8400,200,
286,경기,안산시,민간,우성여성병원산후조리원,경기도 안산시 단원구 고잔로 58-10,031-412-3070,310,352
287,경기,안산시,민간,한빛산후조리원,경기도 안산시 단원구 광덕동로53,031-410-3316,310,
288,경기,안산시,민간,맘편한산후조리원,"경기도 안산시 단원구 원포공원2로35, 메가쇼핑5층",031-411-3552,350,500
289,경기,안산시,민간,라움산후조리원,경기도 안산시 단원구 광덕1로 195 광장타워 6층,031-485-5544,380,450
290,경기,안산시,민간,미즈피아산후조리원,안산시 상록구 샘골로 112. 2층(본오동),031-481-0077,210,
291,경기,평택시,민간,예일퀸스하우스산후조리원,경기도 평택시 중앙로 144,031-8054-7337,294,308
292,경기,평택시,민간,지엔산후조리원,경기도 평택시 비전5로 3,031-668-0075,308,351
293,경기,평택시,민간,라헨느산후조리원,경기도 평택시 평택5로 34번길 6-1,1670-9793,392,448
294,경기,평택시,민간,㈜럭셔리포레산후조리원,경기도 평택시 비전2로 121,031-651-8279,380,
295,경기,평택시,민간,안중산후조리원,경기도 평택시 안중읍 안중로 131번길 14-15,031-683-7366,270,
296,경기,평택시,민간,더네이처산후조리원,경기도 평택시 송탄로 260,031-668-3579,420,476
297,경기,안양시,민간,봄빛산후조리원,"경기도 안양시 동안구 평촌대로217번길 27 (호계동, 봄빛병원 8층)",031-380-7300,270,
298,경기,안양시,민간,봄빛병원부설 산후조리원1관,"경기도 안양시 동안구 시민대로 187 (비산동, 건설타워 5층 )",031-384-1010,230,350
299,경기,안양시,민간,봄빛병원부설 산후조리원 2관,"경기도 안양시 동안구 시민대로 214 (호계동, 다운타운 9층, 10층)",031-385-1012,270,500
300,경기,안양시,민간,노블맘산후조리원,"경기도 안양시 안양시 동안구 평촌대로211번길 16 (호계동, 동아월드프라자 10층)",031-386-1300,275,300
301,경기,안양시,민간,디어맘산후조리원,경기도 안양시 동안구 동편로 20번길 28,031-422-0081,270,
302,경기,안양시,민간,그랑베이산후조리원,"경기도 안양시 동안구 흥안대로 125, 7층(호계동, 동안빌딩)",031-427-1725,420,
303,경기,안양시,민간,제이에스산후조리원,경기도 안양시 동안구 흥안대로 94번길 68 3층,031-360-3980,500,900
304,경기,안양시,민간,벨라산후조리원,"경기도 안양시 만안구 예술공원로 153-32, 2층",031-8068-7788,370,
305,경기,시흥시,민간,예진산후조리원,경기도 시흥시 정왕대로 78 B동 4층,031-431-1134,270,290
306,경기,시흥시,민간,라임산후조리원,"경기도 시흥시 월곶해안로171, 3~4층",031-316-8800,230,
307,경기,김포시,민간,결한방산후조리원,김포한강1로 247 헤리움타운 7층,031-991-9933,350,430
308,경기,김포시,민간,스위트나리산후조리원,경기도 김포시 돌문로 99 2동 2~4층,031-982-5700,436,672
309,경기,김포시,민간,조은미래산후조리원,김포시 김포한강8로 396.지오타워 6-7층,031-992-6655,299,338
310,경기,김포시,민간,한강가온누리베누앙산후조리원,김포시태장로 808 7층 8층,031-8049-3535,480,750
311,경기,김포시,민간,이든산후조리원,"경기도 김포시 유현로52, 프라임빌상가 2층 일부호",031-981-2998,430,
312,경기,파주시,민간,와이즈산후조리원 , 파주시 금바위로 50,031-937-8858,320,
313,경기,파주시,민간,쉼산후조리원," 파주시 경의로 1114, 에펠타워 7층",031-947-9030,480,
314,경기,파주시,민간,뉴아모르산후조리원,파주시 와석순화로 133 형성프라자4층,031-946-9116,290,
315,경기,파주시,민간,드팜므산후조리원,경기 파주시 책향기로 836 아름터타워 8층,031-949-1265,650,900
316,경기,파주시,민간,라벨팜므산후조리원, 파주시 경의로 1100 5층,031-942-3535,470,640
317,경기,의정부시,민간,신여성병원부설 레디산후조리원,경기도 의정부시 신흥로239번길 40(의정부동),031-823-9197,320,350
318,경기,의정부시,민간,히아신스산후조리원,"경기도 의정부시 부용로 105, 6층(금오동, 프레티넘프라자2)",031-853-9115,450,530
319,경기,의정부시,민간,우먼피아산후조리원(민락점),"경기도 의정부시 오목로225번길 100, 7층(민락동, CY타워)",031-853-2030,,400
320,경기,의정부시,민간,우먼피아산후조리원,"경기도 의정부시 청사로5번길, 8,9층(신곡동, 씨티메디타운)",031-853-6767,250,270
321,경기,의정부시,민간,맘플러스산후조리원,"경기도 의정부시 신흥로 130, 3,4층(호원동, 온누리빌딩)",031-879-8434,330,
322,경기,의정부시,민간,카렌시아산후조리원,"경기도 의정부시 외미로 95, 7층(호원동, 하나프라자)",0507-1366-3025,300,
323,경기,광명시,민간,미래여성산후조리원,"경기도 광명시 범안로 1062, 천일빌딩 8~9층",02-807-1002,270,320
324,경기,광명시,민간,아베끄 산후조리원,"경기도 광명시 광명로 906, 현대빌딩 9층",02-2686-5800,300,360
325,경기,광명시,민간,지엠제일산후조리원,경기도 광명시 광명로 878(광명동),02-2616-2686,310,370
326,경기,광명시,민간,광명제일산후조리원(소하점),"경기도 광명시 소하로78, 신성프라자 4층",02-898-0898,260,
327,경기,광명시,민간,이즈맘산후조리원,"경기도 광명시 오리로 889, 7~8층(철산동)",02-2066-3555,250,280
328,경기,광명시,민간,레지나산후조리원,"경기도 광명시 소하로 109번길 22, 3~4층(소하동)",02-6218-1010,350,
329,경기,하남시,민간,미사린산후조리원,"경기도 하남시 미사강변대로 34번길 66, 5층",031-792-3355,330,420
330,경기,하남시,민간,트리시아산후조리원,"경기도 하남시 미사강변대로60 6,7층",031-794-0005,490,550
331,경기,하남시,민간,맘스프링산후조리원,경기도 하남시 덕풍동로 111-15,031-699-8177,300,
332,경기,하남시,민간,연세아란산후조리원,"경기도 하남시 미사강변대로54번길 121, 6,7층",031-793-7000,330,420
333,경기,군포시,민간,제일산후조리원,산본로386번길 4-11,031-390-3790,230,250
334,경기,군포시,민간,산본제일병원 부설 신산본산후조리원,경기도 군포시 산본로 386번길 4-19,031-390-1900,230,250
335,경기,군포시,민간,베네라산후조리원,경기도 군포시 산본로394,031-398-0721,330,
336,경기,군포시,민간,맘스포레산후조리원,경기도 군포시 산본로398 태주빌딩 7-8층,031-399-6522,330,
337,경기,오산시,민간,우먼필산후조리원, 오산시 대원로 24(원동),031-378-5949,360,
338,경기,오산시,민간,청율산후조리원," 오산시 경기대로 154, 6층",031-373-3568,230,250
339,경기,양주시,민간,그라티아산후조리원,양주시 고읍남로6-6 해동센트럴타워6층,031-856-7790,340,380
340,경기,양주시,민간,더올리비에르산후조리원,양주시 평화로1489번길 13,031-859-8866,350,380
341,경기,이천시,민간,YJB(양정분)산후조리원,"경기도 이천시 이섭대천로 1186(중리동,7층)",031-631-9170,290,350
342,경기,이천시,민간,마리나산부인과산후조리원,경기도 이천시 경충대로 2564(중리동),031-636-0552,300,350
343,경기,구리시,민간,마리본산후조리원,"구리시 건원대로 33번길 4, 3층/4층",031-551-2700,270,290
344,경기,구리시,민간,카렌시아산후조리원,"구리시 검배로 36, 현주아이프렌드 빌딩 6층",031-567-0012,280,
345,경기,구리시,민간,㈜리베산후조리원,"구리시 벌말로 145, 토평프라자 3층",031-514-4563,370,470
346,경기,구리시,민간,마더러브산후조리원,"구리시 아차산로 499, 티움B동 401호",031-564-3535,310,380
347,경기,의왕시,민간,라움산후조리원,"경기도 의왕시 포일세거리로10, 3층(포일동, 포일 프라임타워)",031-422-5155,340,390
348,경기,포천시,민간,더플라워산후조리원,경기도 포천시 소흘읍 솔모루로 55,031-542-1007,240,260
349,경기,포천시,지자체,경기포천공공산후조리원,경기도 포천시 군내면 청성로 111-1,031-536-7147,168,
350,경기,여주시,지자체,경기여주공공산후조리원,경기도 여주시 여흥로160번길 16,031-881-9500,168,
351,강원,춘천시,민간,아름다운산후조리원,강원특별자치도 춘천시터미널길21강남빌딩4층,033-241-7400,260,310
352,강원,춘천시,민간,호산후조리원,강원특별자치도 퇴계로 188 썬타워빌딩 6~7층,033-261-3317,280,290
353,강원,춘천시,민간,미래산후조리원,강원특별자치도 춘천시 중앙로 116,033-241-7677,285,305
354,강원,원주시,민간,미즈산후조리원,강원특별자치도 원주시 이화6길 1,033-733-3537,270,290
355,강원,원주시,민간,율산후조리원,강원특별자치도 원주시 능라동길 61 8층,033-765-0655,280,295
356,강원,원주시,민간,연세순풍산후조리원,강원특별자치도 원주시 장미공원길 43-6,033-745-7020,310,
357,강원,원주시,민간,㈜미래산후조리원,강원특별자치도 원주시 서원대로 402 6층,033-765-7900,230,250
358,강원,원주시,민간,㈜프리티가든산후조리원,강원특별자치도 원주시 영랑길 14-2 8층,033-901-5959,230,250
359,강원,강릉시,민간,세가온산후조리원,강원특별자치도 강릉시 율곡로 2982-6,033-643-8114,260,280
360,강원,강릉시,민간,행복누리산후조리원,강원특별자치도 강릉시 경강로 2109 문선빌딩 5층,033-641-6680,300,340
361,강원,강릉시,민간,아이앤맘산후조리원,"강원특별자치도 강릉시 옥가로 21, 지산빌딩 6층",033-643-9600,310,350
362,강원,동해시,민간,글로리아산후조리원,강원특별자치도 동해시 천곡로 86-2 (천곡동),033-532-0080,210,250
363,강원,동해시,민간,아이맘산후조리원,강원특별자치도 동해시 한섬로 113-7 (천곡동),033-532-8082,220,260
364,강원,삼척시,지자체,강원특별자치도삼척의료원공공산후조리원,강원특별자치도 삼척시 오십천로 418,033-570-7564,180,
365,강원,철원군,지자체,철원군공공산후조리원,강원특별자치도 철원군 갈말읍 명성로202-9,033-452-2990,179,179
366,강원,화천군,지자체,화천군공공산후조리원,강원특별자치도 화천군 화천읍 강변로 111,033-440-2370,180,
367,강원,양구군,지자체,양구군공공산후조리원,강원특별자치도 양구군 양구읍 중심로 152-64,033-482-2995,180,
368,충북,청주시,민간,삼성산후조리원 ,청주시 상당구 용암북로160번길 34-7,043-291-3582,163,203
369,충북,청주시,민간,민병열산부인과산후조리원,청주시 서원구 사직대로 101(사창동),043-262-8540,168,215
370,충북,청주시,민간,㈜모태안산후조리원,청주시 서원구 복대로 17번길 7-42(개신동),043-239-0002,225,325
371,충북,청주시,민간,하안유산후조리원,청주시 서원구 신화로 50(성화동),043-238-5900,344.5,383.5
372,충북,청주시,민간,청주미즈맘산후조리원,청주시 흥덕구 가경로16-2,043-237-2201,130,160
373,충북,청주시,민간,해피맘산후조리원,청주시 흥덕구 풍산로36(가경동),043-239-0221,150,
374,충북,청주시,민간,다나산후조리원,청주시 청원구 충청대로179(8-9층),043-284-3535,255,325
375,충북,청주시,민간,미즈산후조리원,청주시 청원구 오창읍 중심상업로17 오창프라자Ⅱ),043-241-3020,210,
376,충북,충주시,민간,㈜모스트산후조리원,"충주시 사천개1길 2 청보테라스타워7,8층",043-855-8886,350,390
377,충남,천안시,민간,퀸스산후조리원,충남 천안시 서북구 성정공원1길 9-13,041-902-1000,280,350
378,충남,천안시,민간,혜성산후조리원,충남 천안시 서북구 미라2길 18-11,041-570-9300,260,280
379,충남,천안시,민간,The앙즈로산후조리원,충남 천안시 서북구 불당26로 104,1644-0870,380,560
380,충남,천안시,민간,연세하임산후조리원,충청남도 천안시 동남구 수곡2길 17-17,041-412-5566,,280
381,충남,공주시,민간,미앤맘산후조리원,공주시 번영1로 124(신관동),041-840-1080,140,224
382,충남,아산시,민간,삼성미즈산후조리원,아산시 배방읍 희망로 46번길 16,041-980-0001,290,350
383,충남,아산시,민간,미즈산후조리원,충남아산시번영로204 아산메디타워4층,041-547-2024,240,
384,충남,아산시,민간,㈜다온미래산후조리원,"충남  아산시 배방읍 배방로 26, 7층 701호",041-549-3582,230,260
385,충남,서산시,민간,엠산후조리원,서산시 남부순환로 1031 2층,041-429-2004,266,
386,충남,서산시,민간,한마음산후조리원,서산시 율지4로 5(동문동),041-667-8560,240,260
387,충남,당진시,민간,미즈맘산후조리원,"당진시 당진중앙2로 415, 7~8층",041-351-7874,260,
388,충남,당진시,민간,도로시산후조리원,"당진시 시청1로 72, 3~5층",041-353-8483,240,
389,충남,홍성군,지자체,충남홍성공공산후조리원,홍성군 홍성읍 조양로 224 ,041-630-6384,182, 
390,전북,전주시,민간,미르피아산후조리원,전라북도 전주시 완산구 쑥고개로 343,063-211-1004,195,
391,전북,전주시,민간,세나산후조리원,전라북도 전주시 완산구 소대배기로 16,063-226-8230,166,200
392,전북,전주시,민간,우석대부속전주 한방병원산후조리원,전라북도 전주시 완산구 어은로 46 (5층),063-220-8300,245,295
393,전북,전주시,민간,한별산후조리원,"전라북도 전주시 덕진구 견훤로 215 (3,5,6층)",063-244-3572,180,280
394,전북,전주시,민간,정성산후조리원,전라북도 전주시 덕진구 도당산4길 8-18,063-244-4755,190,220
395,전북,전주시,민간,한나산후조리원,전라북도 전주시 덕진구 기린대로 489,063-250-3400,169,221
396,전북,군산시,민간,은혜산후조리원,군산시 월명로 144,063-471-2955,210,230
397,전북,군산시,민간,미래와여성산후조리원,전북 군산시 문화로 164,063-441-1170,200,210
398,전북,익산시,민간,휴산후조리원,"익산시 무왕로 1018, 6층",063-840-5060,250,
399,전남,목포시,민간,미즈아이산후조리원,목포시 백년대로418(옥암동),061-260-8820,210,
400,전남,목포시,민간,한사랑산후조리원,전남 목폭시 백년대로 335(상동 847-5),061-284-8855,190,
401,전남,여수시,민간,여수문화병원산후조리원,여수시 대치3길 26,061-650-5000,176,
402,전남,여수시,민간,예울산후조리원,여수시 신월로 114,061-655-3535,180,228
403,전남,순천시,민간 ,미즈산후조리원,순천시 조례1길 10-26,061-720-8300,240,440
404,전남,순천시,민간,마더힐산후조리원,"전남 순천시 충효로 15, 318호",061-745-5566,,396
405,전남,순천시,민간,현대여성아동병원산후조리원,전라남도 순천시 장선배기1길 8,061-729-8351,180,
406,전남,광양시,민간,미래여성산후조리원,전남 광양시 중마중앙로142,061-791-7094,168,175
407,전남,해남군,지자체,전남공공산후조리원1호점,전남 강진군 탐진로 5,061-430-1010,154,154
408,전남,강진군,지자체,전남공공산후조리원2호점,전남 해남군 해남읍 해남로 45,061-530-8650,154,
409,전남,완도군,지자체,전남공공산후조리원3호점,전라남도 완도군 완도읍 청해진동로63,061-555-3030,154,
410,전남,나주시,지자체,전남공공산후조리원4호점,"전라남도 나주시 정보화길 49, 2층",061-820-0854,154,
411,전남,순천시,지자체,전남공공산후조리원5호점,전라남도 순천시 장선배기1길 9,061-729-8681,154,
412,경북,포항시,민간,여성아이병원산후조리원,경상북도 포항시 북구 우창동로 22번길 7,054-230-3070,230,250
413,경북,포항시,민간,포항엘리시아산후조리원,경상북도 포항시 북구 법원로 98번길 12,054-248-0110,250,300
414,경북,포항시,민간,위드유산후조리원,"경상북도 포항시 북구 우창동로 30, 2층",054-256-0002,230,
415,경북,경주시,민간,맘존산후조리원,경상북도 경주시 원화로 315,054-749-7878,200,240
416,경북,김천시,지자체,김천시공공산후조리원,경북 김천시 모암사랑5길 11,054-420-7611,168,210
417,경북,안동시,민간,안동성소병원산후조리원,경상북도 안동시 서동문로 99,054-850-8430,218,
418,경북,구미시,민간,그린나래산후조리원,경상북도 구미시 산호대로24길 9-45 거상빌딩5층,054-476-8008,270,300
419,경북,구미시,민간,새봄산후조리원,경상북도 구미시 송원서로94,054-457-6100,240,
420,경북,구미시,민간,퀸스베이비산후조리원,경상북도 구미시 송원서로6길 19-1,054-443-5755,290,330
421,경북,구미시,민간,해피맘산후조리원,경상북도 구미시 신시로 74,054-458-0119,210,224
422,경북,영천시,민간,자혜의료재단산하산후조리원,경상북도 영천시 호국로 145,054-331-9966,200,220
423,경북,상주시,지자체,상주시공공산후조리원,경상북도 상주시 천봉서로 124,054-535-0035,180,
424,경북,울진군,지자체,울진군공공산후조리원,"경상북도 울진군 울진읍 현내항길 71, 울진군의료원",054-785-7900,182,
425,경남,창원시,민간,선린산후조리원,경상남도 창원시 성산구 가양로 124번길 7,055-286-6650,180,
426,경남,창원시,민간,파티맘산후조리원,경상남도 창원시 의창구 창원대로 397번길 34,055-276-6556,280,
427,경남,창원시,민간,한마음산후조리원,경상남도 창원시 의창구 용동로57번길 18,055-283-3055,390,420
428,경남,창원시,민간,모란산후조리원,경상남도 창원시 성산구 마디미서로 56,055-282-1600,420,450
429,경남,창원시,민간,마미캠프산후조리원,경상남도 창원시 성산구 상남로 73,055-286-3576,330,370
430,경남,창원시,민간,미즈맘산후조리원,경상남도 창원시 의창구 원이대로 285번길 6,055-277-2255,250,280
431,경남,창원시,민간,주)리베라산후조리원,경상남도 창원시 성산구 중앙대로 100번길 9,055-262-9922,300,378
432,경남,창원시,민간,맘스힐산후조리원,"경상남도 창원시 의창구 용동로83번안길3, 2층",055-274-3575,360,395
433,경남,창원시,민간,라움산후조리원,"경상남도 창원시 의창구 중동중앙로 83, 디세븐파크7층",055-276-9242,320,420
434,경남,창원시,민간,참여성병원산후조리원,경상남도 창원시 마산합포구 불종거리로 19 5층,055-249-0630,240,340
435,경남,창원시,민간,위드산후조리원,경상남도 창원시 마산회원구 양덕로 144 7층-10층,055-253-5555,330,370
436,경남,창원시,민간,온산후조리원,창원시 진해구 진해대로 776번길 27,055-541-3575,260,
437,경남,창원시,민간,예인산후조리원,창원시 진해구 진해대로 958,055-911-9571,210,230
438,경남,진주시,민간,참조은산후조리원,경상남도 진주시 진양호로 317 (신안동),055-742-8822,240,300
439,경남,진주시,민간,보람산후조리원,경상남도 진주시 진양호로 255,055-747-3585,250,290
440,경남,진주시,민간,미래여성산후조리원,경상남도 진주시 진주대로 957,055-760-8070,260,320
441,경남,통영시,민간,통영자모산후조리원,"통영시 무전대로4, 301호(장미빌딩)",055-646-3537,280,300
442,경남,김해시,민간,맘스드림산후조리원,경상남도 김해시 경원로55번길 12,055-331-1800,300,440
443,경남,김해시,민간,우리산후조리원,경상남도 김해시 내외중앙로 91,055-321-0114,220,280
444,경남,김해시,민간,더원산후조리원,경남 김해시 번화1로80번길5 메카빌딩9층,055-323-2701,250,
445,경남,김해시,민간,오즈산후조리원,경남 김해시 계동로203 오즈빌딩 5층,055-311-0202,230,290
446,경남,거제시,민간,엘르메디여성의원부설산후조리원,"경상남도 거제시 거제중앙로1925(고현동), 4층",055-638-0037,290,303
447,경남,양산시,민간,미즈모아산후조리원, 경남 양산시 양산역6길9 BYC 8 층,055-365-0202,200,240
448,경남,양산시,민간,에델산후조리원," 경남 양산시 물금읍 가촌리 1291-1, 5~6층",055-912-0700,260,320
449,경남,밀양시,지자체,밀양공공산후조리원,경상남도 밀양시 백민로 36-1,055-352-8006,160,
450,제주,제주시,민간,맘편한산후조리원,"제주시 1100로 3283, 2층(노형동)",064-711-3080,364,
451,제주,제주시,민간,로열프린세스산후조리원,"제주시 과원로 70, 3층",064-748-8855,480,501
452,제주,제주시,민간,프라임산후조리원,제주시 오남로 82(오라이동),064-702-1155,280,320
453,제주,제주시,민간,메종포레산후조리원,"제주시 서광로 83, 3층(용담이동)",064-712-8279,351,
454,제주,제주시,민간,제주메종포레산후조리원,"제주시 서광로 83, 4층(용담이동)",064-759-7838,351,416
455,제주,서귀포시,민간,서귀포의료원 부설산후조리원,서귀포시 장수로 47,064-730-3654,190,
456,제주,서귀포시,지자체,서귀포공공산후조리원,서귀포시 중앙로 125 ,064-762-3005,154,
