번호,시도,시군구,산후조리원,주소,전화번호,일반실,특실
1,서울,종로구,첫단추(창경궁점),서울특별시 종로구 원남동 28-7 창경빌딩 2~4층,02-763-5400,410,460
2,서울,종로구,올리비움,서울특별시 종로구 통일로 16길 4-1,02-738-3335,470,2000
3,서울,중구,더드림 산후조리원,"서울특별시 서울시 중구 다산로36길 11 6,7층",02-2231-6375,280,330
4,서울,중구,와이케이 동그라미 레피리움 산후조리원,"서울특별시 서울시 중구 중림로31, 이화빌딩 1층",02-6012-1010,450,450
5,서울,성동구,㈜와이케이 동그라미 산후조리원 행당점,서울특별시 성동구 고산자로 6길 40 6층,02-6409-1003,450,0
6,서울,광진구,광진아기맘미소,"서울특별시 광진구 뚝섬로 503, 3층(자양동)",02-447-0065,300,0
7,서울,광진구,르베르쏘,서울특별시 광진구 구의로 28 2층(구의동),02-457-6020,220,0
8,서울,광진구,(주)궁 구의점,서울특별시 광진구 자양로 192 1~5층(구의동),02-453-0640,480,580
9,서울,동대문구,린아미에산후조리원,"서울특별시 동대문구 장한로 119 (장안동,삼성쉐르빌2층)",02-2246-2001,250,0
10,서울,동대문구,삼육서울병원부설산후조리원,"서울특별시 동대문구 망우로 82, B1,1,2층 (휘경동)",2210-3366,230,286
11,서울,동대문구,린산후조리원,"서울특별시 동대문구 답십리로 266 (장안동,8층,9층)",02-2243-5353,380,450
12,서울,동대문구,베베리타산후조리원,"서울특별시 동대문구 답십리로 269, 7,8층 (장안동)",02-2213-5889,250,270
13,서울,동대문구,마드레산후조리원,"서울특별시 동대문구 전농로 102, 4층 (답십리동)",02-1599-3270,290,320
14,서울,동대문구,레피리움산후조리원장안점,"서울특별시 동대문구 한천로46길 42, 2층(장안동, 예신프라자)",02-6085-1110,390,0
15,서울,동대문구,맘스터치산후조리원,"서울특별시 동대문구 천호대로 317, 9층(답십리동, 하늘병원)",02-2212-2582,290,0
16,서울,중랑구,아이맘-S 산후조리원,서울 중랑구 망우로 411,02-495-0123,260,280
17,서울,중랑구,이제 산후조리원,서울 중랑구 신내로25가길 2 현동학당 206,02-973-0500,210,0
18,서울,중랑구,이자르(태릉노블점),서울 중랑구 중랑역로 257 신흥빌딩 4층,02-972-7667,250,300
19,서울,중랑구,궁 (신내점),"서울 중랑구 신내로 16길 76 3,4,5층",02-3421-5553,430,510
20,서울,성북구,루시나산후조리원,"서울특별시 성북구 보문로 180. 6,7층",02-922-4652,300,0
21,서울,성북구,동그라미산후조리원성북점,서울특별시 성북구 화랑로 248. 8층,02-2039-0000,270,0
22,서울,성북구,첫단추산후조리원성북점,서울특별시 성북구 동소문로 48. 3층,02-922-1400,270,298
23,서울,강북구,햇빛병원부설 햇빛산후조리원,서울특별시 강북구 도봉로 131(미아동),02-996-1511,400,550
24,서울,강북구,맘스텔라산후조리원,서울특별시 강북구 도봉로 136(미아동),02-985-3542,240,250
25,서울,강북구,라테라산후조리원 미아,"서울특별시 강북구 삼양로 184, 6층(미아동)",02-6218-3588,270,0
26,서울,도봉구,에이치큐브산후조리원,"서울특별시 도봉구 도봉로 604(창동) 에이치큐브병원 7, 8층",02-995-8000,280,320
27,서울,도봉구,소중한맘산후조리원,서울특별시 도봉구 도봉로 575(쌍문동) 7층,02-903-0033,250,0
28,서울,도봉구,마미캠프 산후조리원,서울특별시 도봉구 해등로 125(창동) 한영빌딩 2층,02-993-4300,240,0
29,서울,도봉구,강남퀸즈 산후조리원 강북점,"서울특별시 도봉구 도봉로 524  (창동)  6,7층",02-6415-3535,290,320
30,서울,노원구,이자르산후조리원,"서울특별시 수락산로 232, 3층(상계동)",02-935-7979,240,260
31,서울,노원구,모아드림산후조리원,서울특별시 상계로5길 9(상계동),02-937-7777,260,290
32,서울,노원구,노원라테라산후조리원,서울특별시 상계로7길 17(상계동),02-951-2300,300,0
33,서울,노원구,더블레스 산후조리원,"서울특별시 노원로 240(하계동, 백경빌딩)",02-949-2223,380,532
34,서울,노원구,동그라미산후조리원(월계),"서울특별시 초안산로5길 12, 5층(월계동)",02-904-8034,250,0
35,서울,은평구,인정산후조리원,서울특별시 은평구 응암로 164,02-2187-1430,240,330
36,서울,은평구,더은혜산후조리원,서울특별시 은평구 진흥로 133,02-388-5638,290,310
37,서울,은평구,이자르산후조리원,서울특별시 은평구 응암로 235 대성B 4층,02-305-4931,290,330
38,서울,은평구,아이젤산후조리원,서울특별시 은평구 서오릉로 81,02-355-0069,240,0
39,서울,은평구,아가랑산후조리원,서울특별시 은평구 서오릉로 145 상원빌딩5층,02-356-5422,220,250
40,서울,은평구,레피리움 산후조리원,"서울특별시 은평구 통일로 856, 8층",02-6941-1231,450,0
41,서울,서대문구,동그라미 산후조리원(서대문점),"서울특별시 서대문구 응암로 133, 2, 3층",02-374-2882,370,400
42,서울,서대문구,제이 산후조리원,서울특별시 서대문구 통일로 442(홍제동),02-2153-7788,280,336
43,서울,마포구,아이린산후조리원 성산점,"서울특별시 마포구 월드컵북로 137(성산동,CS타워 10층)",02-3142-3003,260,300
44,서울,마포구,아이린산후조리원 망원점,서울특별시 마포구 월드컵로 155(망원동),02-3152-1212,260,290
45,서울,마포구,라펠리체산후조리원,서울특별시 마포구 월드컵북로 497(상암동),02-306-2617,0,0
46,서울,양천구,(주)동그라미 레피리움 강서점,서울특별시 양천구 화곡로 64(신월5동) 동화빌딩 2층,02-2065-7301,450,0
47,서울,양천구,목동굿맘 산후조리원,서울특별시 양천구 신월로 338(신정1동)원빌딩 4층,02-2654-0030,220,300
48,서울,양천구,㈜이자르산후조리원목동지점,서울특별시 양천구 목동중앙남로3가길 127,02-2061-6001,240,260
49,서울,양천구,에빠토르베르쏘 목동점,서울특별시 양천구 은행정로 5(신정동)  에벤에셀프라자 5층,02-2647-0100,370,0
50,서울,양천구,(주)밝은미래,서울특별시 양천구 남부순환로 654 SM빌딩 10층,02-2619-1000,270,0
51,서울,양천구,품안애 산후조리원,서울특별시 양천구 신월로 164(신월6동),02-2601-3588,245,0
52,서울,양천구,(주)동그라미 레피리움 목동점,서울특별시 양천구 오목로325 (목동 대학빌딜6층),02-6491-1001,500,0
53,서울,양천구,포미즈타임 산후조리원,"서울시 양천구 공항대로610 포미즈여성병원 내(3,5층)",02-2651-7500,280,0
54,서울,양천구,목동제일,서울시 양천구 중앙로 300(신정동) 시온빌딩6~8층,02-6927-3647,280,300
55,서울,강서구,유광사 산후조리원,서울특별시 강서구 강서로 198 5~7층,1588-3006,260,0
56,서울,강서구,㈜궁 산후조리원(화곡지점),"서울특별시 강서구 화곡로 191 남서울빌딩 3,4층",1644-3358,330,380
57,서울,강서구,미즈앤노블 산후조리원,서울특별시 강서구 양천로 461 주영빌딩 5층,02-2659-0031,300,0
58,서울,강서구,(주)목동라테라 산후조리원,서울특별시 강서구 등촌로 45,02-2653-3588,400,500
59,서울,강서구,㈜궁 산후조리원(강서점),서울특별시 강서구 양천로 600 파인블루빌딩 3~4층,02-2083-0600,440,520
60,서울,강서구,벌스데이 산후조리원,서울특별시 강서구 마곡중앙5로 81길 에스비타운6층,02-2664-6999,350,420
61,서울,강서구,(주)에빠토르베르쏘 산후조리원,서울특별시 강서구 양천로 354 옥천빌딩 2~5층,02-3661-1115,390,430
62,서울,구로구,미래산후조리원,서울특별시 구로구 서해안로 2296,02-2682-2400,250,0
63,서울,구로구,로얄사임당산후조리원 천왕점,"서울특별시 구로구 천왕로 106, 5층(골드프라자)",02-2688-6200,250,0
64,서울,구로구,아름제일산후조리원 1관,"서울특별시 구로구 새말로 94, 7~8층",02-856-9301,380,480
65,서울,구로구,맘스퀘어산후조리원,"서울특별시 구로구 경인로 240, 102동 2층(예성라온팰리스)",02-2611-7322,270,300
66,서울,구로구,연세사랑모아여성병원부설산후조리원,"서울특별시 구로구 중앙로 100, 6~7층",02-2636-3210,300,400
67,서울,구로구,아름제일산후조리원 2관,"서울특별시 구로구 공원로 83, 3~4층",02-854-6677,300,320
68,서울,구로구,민전산후조리원,"서울특별시 구로구 경인로 322, 3층",02-2060-9315,240,280
69,서울,금천구,VIP산후조리원,서울특별시 금천구 시흥대로 429 삼희빌딩 3층,02-851-1566,240,0
70,서울,금천구,뉴연세산후조리원,서울특별시 금천구 시흥대로 71길 41,02-891-1541,260,350
71,서울,금천구,MJ산후조리원,서울특별시 금천구 시흥대로 415 4~5층,02-2109-3003,330,280
72,서울,영등포구,이자르산후조리원,"서울특별시 영등포구 도신로 116, 4층",02-848-3579,250,270
73,서울,영등포구,아란태산후조리원,서울특별시 영등포구 선유로63(문래3가)77-1번지,02-2676-5757,300,340
74,서울,영등포구,㈜라솜산후조리원,서울특별시 영등포구 선유로 63 동신타워5층,02-2679-5005,300,320
75,서울,영등포구,(주)리더스산후조리원,서울특별시 영등포구 선유로 59,02-3667-3579,310,330
76,서울,영등포구,아이리스산후조리원,서울특별시 영등포구 영중로 140 드림프라자 4층,02-2068-6167,225,255
77,서울,동작구,청화병원부설,서울특별시 장승배기로 108,02-6496-5620,280,380
78,서울,동작구,카리스,서울특별시 보라매로5가길 16. 4층(403호),02-833-2227,330,380
79,서울,동작구,늘푸른,서울특별시 상도동 25번지 14호 세담빌딩 7층,02-814-3588,230,250
80,서울,관악구,로얄사임당(서울대점),서울특별시 관악구 남부순환로 1802(관악켐퍼스타워),02-873-1112,340,0
81,서울,관악구,로얄사임당(봉천점),서울특별시 관악구 양녕로 46(메카플러스),02-889-0700,350,390
82,서울,서초구,㈜YK동그라미레피리움산후조리원 강남점,서울특별시 서초구 동작대로 172 로얄쇼핑센타 3층,02-532-1633,450,0
83,서울,서초구,서래네송스산후조리원,서울특별시 서초구 사평대로18길 10 (반포동),02-537-3232,400,450
84,서울,서초구,㈜사임당아모리움산후조리원,서울특별시 서초구 서운로 216(서초동 동인빌딩),02-533-6169,371,371
85,서울,서초구,㈜센트리움산후조리원,서울특별시 서초구 고무래로 22(쌍동빌딩6층),02-535-3853,500,600
86,서울,서초구,(주)메르앙서래산후조리원,"서울특별시 서초구 동광로49길 7 (반포동, 양지빌딩 3,4,5층)",02-592-0227,700,0
87,서울,강남구,트리니티산후조리원(청담점),서울특별시 강남구 학동로101길 15 (청담동),02-541-5673,600,700
88,서울,강남구,한아름산후조리원,서울특별시 강남구 논현로 98 (개포동),02-3412-0101,380,500
89,서울,강남구,차병원산후조리원,서울특별시 강남구 논현로 566  (역삼동),02-3468-3327,410,550
90,서울,강남구,호산산후조리원,서울특별시 강남구 압구정로38길 6  (신사동),02-1577-7611,440,680
91,서울,강남구,앙즐레산후조리원,서울특별시 강남구 도곡로1길 14  (역삼동),02-554-6600,400,470
92,서울,강남구,더궁산후조리원,서울특별시 강남구 봉은사로111길 13 (삼성동),02-547-5047,570,1300
93,서울,강남구,M&H산후조리원,서울특별시 강남구 언주로 707  (논현동),02-3446-3434,590,790
94,서울,강남구,그녀의정원 드라마 산후조리원,서울특별시 강남구 언주로303(역삼동),02-3453-4628,800,1200
95,서울,강남구,트리티니산후조리원(삼성점),서울시 강남구 삼성로548 (삼성동),02-508-0013,550,900
96,서울,강남구,도곡궁산후조리원,서울특별시 강남구 도곡로6길 13(도곡동),02-577-8677,630,1500
97,서울,강남구,헤리티지산후조리원,서울특별시 강남구 삼성로 635(삼성동),02-518-2433,1300,2300
98,서울,강남구,청담마리더블레스산후조리원,서울특별시 강남구 학동로97길 21-3(청담동),02-3471-2233,680,1800
99,서울,강남구,드라마글로벌산후조리원,서울특별시 강남구 언주로303(역삼동),02-3453-4628,1200,2600
100,서울,강남구,궁산후조리원 강남본원지점,서울특별시 강남구 언주로107길 35  (역삼동),02-555-9550,690,2000
101,서울,강남구,윤호산후조리원,서울특별시 강남구 압구정로 304 (신사동),02-2015-2540,430,510
102,서울,강남구,헤리티지산후조리원 2호점,서울특별시 강남구 영동대로 141길 20,02-517-2433,680,1700
103,서울,강남구,엘 산후조리원,서울특별시 강남구 자곡로 110,02-579-0303,550,660
104,서울,송파구,(주)푸른잎산후조리원,서울특별시 송파구 양산로 12 (거여동),02-431-9694,350,370
105,서울,송파구,라렌느산후조리원,"서울특별시 송파구 석촌호수로 156 (삼전동, 썬프라자)",02-414-3322,290,350
106,서울,송파구,라벨메르산후조리원,서울특별시 송파구 송파대로 49길 3 (석촌동),02-484-3710,270,280
107,서울,송파구,메종드마망산후조리원,서울특별시 송파구 중대로 317 (오금동),02-3401-1004,270,0
108,서울,송파구,맘스맘산후조리원,"서울특별시 송파구 오금로 152 (송파동, 연세빌딩 4층)",02-412-8855,280,310
109,서울,송파구,송파에빠토산후조리원,서울특별시 송파구 마천로 4 (방이동),02-457-7700,450,650
110,서울,송파구,뉴더퀸산후조리원,서울특별시 송파구 석촌호수로 284 현대레이크빌2층 (송파동),02-420-5560,190,0
111,서울,송파구,송파산모건강증진센터산후조리원,서울특별시 송파구 충민로2길 20 (장지동),02-431-3535,350,450
112,서울,송파구,베르사유산후조리원,"서울특별시 송파구 석촌호수로210, 201 (석촌동)",02-413-0035,250,310
113,서울,송파구,아이숲산후조리원,"서울특별시 송파구 백제고분로50길 7-7, 3-5층(방이동)",02-418-3727,360,550
114,서울,송파구,포유문산후조리원,서울특별시 송파구 양재대로 60길 3(가락동),02-6425-1600,210,230
115,서울,강동구,강동맘스㈜,"서울특별시 강동구 천호대로 1099, 6층 (천호동)",02-485-2151,250,270
116,서울,강동구,㈜YK동그라미강동점 가율,"서울특별시 강동구 천호대로 1128, 6~7층 (성내동)",02-485-0087,250,0
117,서울,강동구,임수현,"서울특별시 강동구 구천면로 328,6층 (천호동)",02-426-6568,150,160
118,서울,강동구,마미캠프,"서울특별시 강동구 성안로 156, 4층 (길동)",02-472-6565,210,0
119,서울,강동구,트리니티㈜강동송파점,"서울특별시 강동구 강동대로 143-64, 3층(성내동)",02-486-3300,429,479
120,서울,강동구,몽쉘베베,"서울특별시 강동구 아리수로 421, 7~8층 (강일동)",02-3428-3535,260,0
121,서울,강동구,더(The)동그라미 산후조리원,서울특별시 강동구 양재대로 1657-11(명일동),02-429-6777,270,0
122,서울,강동구,강동미즈,서울특별시 강동구 천호대로 159길 13(천호동),02-470-9114,228,278
123,서울,강동구,㈜시월애,"서울특별시 강동구 올림픽로 833, 3~6층 (암사동)",02-2135-6800,380,450
124,서울,강동구,헤라,"서울특별시 강동구 양재대로 1498, 4층, 5층(길동)",02-6483-0088,450,530
125,서울,강동구,강동드림,"서울특별시 강동구 상일로12길 97, 3~4층(강일동)",02-441-4567,280,350
126,부산,서구,구세산후조리원,서구 구덕로114(충무동 1가),051-253-3555,160,240
127,부산,동구,일신기독병원산후조리원,부산광역시 동구 정공단로 34,051-630-0670,180,0
128,부산,동구,좋은문화산후조리원,부산광역시 동구 범일로 89번길 69,051-643-3700,230,340
129,부산,부산진구,아이사랑산후조리원,부산광역시 부산진구 가야대로 472(개금동),051-890-7100,230,260
130,부산,부산진구,미래산후조리원,부산광역시 부산진구 가야대로 474(개금동),051-714-1234,200,270
131,부산,부산진구,미래여성산후조리원,부산광역시 부산진구 가야대로 459(개금동),051-890-9980,240,300
132,부산,동래구,좋은날에 드라마산후조리원,동래구 충렬대로 449 (안락동),051-522-7575,200,380
133,부산,남구,마미캠프산후조리원,부산광역시 남구 수영로 29 동일스위트 3층,051-621-1241,240,400
134,부산,북구,미래로산후조리원,부산광역시 북구 금곡대로 15,051-330-5620,110,125
135,부산,북구,조은미즈산후조리원,부산광역시 북구 금곡대로 284번지,051-365-3575,200,280
136,부산,북구,맘스웰산후조리원,부산광역시 북구 금곡대로 287-7,051-797-7770,190,290
137,부산,북구,화명일신기독병원 산후조리원,부산광역시 북구 금곡대로264-1,070-4498-6070,130,150
138,부산,해운대구,마미캠프,부산광역시 해운대구 좌동로 88,051-747-3517,240,280
139,부산,해운대구,엘리움,부산광역시 해운대로 794,051-929-6000,275,799
140,부산,해운대구,제일여성,부산광역시 해운대로 좌동로 66,051-743-0331,200,0
141,부산,해운대구,퀸즈파크,"부산광역시 해운대구 해운대로 794,13층",051-715-5150,350,1500
142,부산,사하구,뉴본,부산광역시 사하구 낙동대로 234,051-910-7180,170,220
143,부산,사하구,㈜에디스,"부산광역시 사하구 낙동대로 363, 낙동대로361",051-206-0999,240,340
144,부산,사하구,미래아이,부산광역시 사하구 낙동남로 1388,051-200-9900,216,346
145,부산,금정구,순산후조리원(본관),부산광역시 금정구 중앙대로 1701(부곡동),051-515-0005,180,260
146,부산,금정구,순산후조리원(신관),부산광역시 금정구 중앙대로 1689(부곡동),051-582-0070,220,320
147,부산,연제구,연제일신 산후조리원,부산광역시 연제구 고분로 5,051-852-2031,180,230
148,부산,연제구,위대한탄생 산후조리원,부산광역시 연제구 중앙대로 1083,051-862-0010,180,230
149,부산,수영구,자모여성병원산후조리원,부산광역시 수영구 수영로 555,051-760-0570,165,458
150,부산,수영구,한나여성아이병원산후조리원,부산광역시 수영구 황령대로 481번길7,051-625-2300,155,0
151,부산,기장군,아이앤젤산후조리원,"부산광역시 기장군 정관읍 정관로 601, 5층",051-997-3579,69,109
152,부산,기장군,정관일신기독 산후조리원,"부산광역시 기장군 정관읍 정관6로 31, 9층",051-780-0640,110,130
153,부산,강서구,웰하이 산후조리원,"부산광역시 명지오션시티4로 95, 9층",051-204-5282,190,0
154,대구,동구,아델리아,"대구광역시 동구 안심로 54, 2,3층(율하동)",053-963-6663,240,260
155,대구,서구,닥터안,대구광역시 서구 서대구로49(내당동),053-562-0100,220,260
156,대구,북구,신세계여성병원,대구광역시 북구 동북로 196,053-954-7771,220,290
157,대구,북구,맘앤휴,"대구광역시 북구 동북로 156 (스카이빌당9,10)",053-958-1500,200,220
158,대구,북구,로즈마리,대구광역시 북구 동천동 952-2,053-210-7737,240,250
159,대구,북구,설렘,대구광역시 북구 팔거천동로 218,053-314-0113,220,250
160,대구,북구,류정선,대구광역시 북구 학정로 415 메가타운쓰리 6층,053-352-2900,195,250
161,대구,수성구,김혜정,대구광역시 수성구 명덕로 432(수성동3가),053-656-0012,260,360
162,대구,수성구,본느마망 신관,대구광역시 수성구 수성로 38길 33(중동),053-721-7071,320,370
163,대구,수성구,엘리자벳,대구광역시 수성구 무학로25(상동),053-765-8585,270,360
164,대구,수성구,여성메디파크,대구광역시 수성구 동대구로 271(범어동),053-740-7760,260,320
165,대구,수성구,지노메디,대구광역시 수성구 화랑로 58(만촌동),053-757-2500,176,290
166,대구,수성구,지온,대구광역시 수성구 청수로 166(지산동),053-765-0057,270,320
167,대구,수성구,시엘,대구광역시 수성구 달구벌대로 3116(신매동),053-214-1009,280,330
168,대구,달서구,달서미즈맘,대구광역시 달서구 월배로 62 (진천동 635-3),053-609-5072,195,210
169,대구,달서구,리엘,대구광역시 달서구 월배로 58(진천동 635-1),053-636-2221,240,280
170,대구,달서구,여성아이,대구광역시 달서구 월배로 141(진천동 57-15),070-4571-7072,260,290
171,대구,달서구,김헤정,대구광역시 달서구 구마로 201(성당2동 825-19),053-656-8575,250,0
172,대구,달서구,미래,대구광역시 달서구 와룡로203 (죽전동 274-7),053-608-7200,280,350
173,대구,달서구,달서여성메디파크,대구광역시 달서구 용산로 139 (용산동 230-22),053-667-7530,180,250
174,대구,달서구,꿈담,대구광역시 달서구 이곡서로11 (이곡동 1220-2),053-583-7447,220,240
175,대구,달서구,성모,대구광역시 달서구 월배로 204 (상인동 246-1),053-280-1500,250,280
176,대구,달성군,로즈맘,대구광역시 달성군 다사읍 달구벌대로 874(7층),053-592-3575,200,230
177,대구,달성군,프로마드레,"대구광역시 달성군  유가면 테크노순환로 12길 4, 7층",053-627-5555,270,300
178,인천,미추홀구,고은산후조리원,인천광역시  독배로 463,032-870-5314,260,0
179,인천,미추홀구,W산후조리원,인천광역시  인주대로 400,032-341-3535,280,330
180,인천,미추홀구,아인의료재단 서울산후조리원,"인천광역시  경원대로 768(삼보빌딩), 766(서울빌딩)",032-426-3005,300,350
181,인천,미추홀구,아이미즈 산후조리원,"인천광역시  경원대로 890 (보미리즌빌301,302호)",032-435-3575,200,0
182,인천,미추홀구,아이소망 산후조리원,인천광역시  미추로 56,032-883-6376,230,260
183,인천,연수구,우리산후조리원,"인천광역시  앵고개로 260, 7층",032-816-5464,240,0
184,인천,연수구,미래제일산후조리원,인천광역시  먼우금로 189 소망빌딩 6층,032-246-0101,220,240
185,인천,연수구,허브산후조리원,인천광역시  하모니로 124 송도타운 4층,032-851-2552,330,360
186,인천,연수구,허브산후조리원 2호점,"인천광역시 테크노파크로 111번길 4, 드메티스빌딩 6,7층",070-4253-1138,450,0
187,인천,남동구,아이미즈산후조리원,인천광역시  구월2동342-256 구월프라자7층,032-469-1255,180,0
188,인천,남동구,마이비산후조리원,인천광역시  논현동 632-2 아이플렉스빌딩 7층,032-424-7007,230,250
189,인천,남동구,카리스산후조리원,인천광역시  논현동 c블럭 1로트  에코타워 10층,032-441-5599,310,330
190,인천,남동구,리앤아이산후조리원,인천광역시  논고개로 71번지  가산타워 5층,032-270-7700,260,380
191,인천,부평구,새봄산후조리원,인천광역시  마장로320,032-507-7200,190,260
192,인천,부평구,㈜마벨산후조리원,인천광역시  부흥로294번길4,032-523-0700,230,250
193,인천,부평구,성모산후조리원,인천광역시  부평대로66,032-330-7502,220,260
194,인천,계양구,한림산후조리원,인천 계양구 장제로 718 3층,032-552-9696,230,260
195,인천,계양구,HMB산후조리원,인천 계양구 계산새로 71 하이베라스빌딩 A동 3층,032-554-6100,200,0
196,인천,계양구,엠앤비산후조리원,인천 계양구 장제로 772번길 2,032-552-3500,200,220
197,인천,계양구,엄마손 산후조리원,"인천 계양구 오조산로 53 연세차메디칼빌딩 6,7층",032-552-0035,170,220
198,인천,서구,마리아산후조리원,인천 서구  가정로 358(가정동),032-571-5667,185,205
199,인천,서구,엄마품산후조리원,인천 서구 승학로 528(검암동),032-566-3313,190,0
200,인천,서구,예안(검단서울여성)산후조리원,인천 서구 완정로 8(마전동),032-566-1737,200,230
201,인천,서구,탑(이자르)산후조리원,인천 서구 청마로51번안길22(당하동),032-463-0118,230,0
202,인천,서구,청라산후조리원,"인천 서구 중봉대로 602 7층,8층(연희동)",032-716-6006,290,0
203,인천,서구,그린산후조리원,"인천 서구 건지로 371 5,6층(가좌동)",032-574-3661,260,0
204,인천,서구,뉴마더맘산후조리원,인천 서구 길주로 79 성한캐슬 901호(석남동),032-577-9990,220,250
205,인천,서구,크리스탈산후조리원,인천 서구 크리스탈로 84 레이크가든 4층,032-584-3535,350,380
206,광주,서구,미즈피아산후조리원,광주광역시 서구 시청로 17,062-720-9000,308,420
207,광주,남구,모아산후조리원,광주광역시 남구 백양로13,062-670-7773,168,240
208,광주,북구,에덴병원산후조리원,광주광역시 북구 면앙로170번길10(두암동),062-260-3237,210,222
209,광주,북구,문화여성병원산후조리원,광주광역시 북구북문대로22(운암동),062-511-6100,221,273
210,광주,북구,빛고을산후조리원,광주광역시 북구 하서로395(양산동),062-602-9200,222,408
211,광주,북구,신빛고을산후조리원,광주광역시 북구 하서로395(양산동),062-602-9400,258,300
212,광주,광산구,더블유산후조리원,광주광역시 광산구 임방울대로 331,062-616-9100,215,363
213,대전,동구,가오플러스산후조리원,대전광역시 동구 은어송로 63(가오동),042-286-3535,220,0
214,대전,동구,라온산후조리원,대전광역시 동구 동구청로 89-2(가오동),042-286-3575,220,270
215,대전,서구,서울여성제1산후조리원,"대전광역시 서구 문정로 7, 7~10층(둔산동)",042-488-3565,262,364
216,대전,서구,서울여성제2산후조리원,대전광역시 서구 계룡로491번길 290(둔산동),042-488-3565,280,0
217,대전,서구,모태산후조리원,"대전광역시 서구 대덕대로 189, 8~10층(둔산동)",042-486-1114,256,355
218,대전,서구,더블유산후조리원,"대전광역시 서구 문정로48번길 70, 5층(탄방동)",042-485-0001,378,449
219,대전,서구,예담산후조리원,"대전광역시 서구 도안대로 25, 5~6층(관저동)",042-546-9302,265,330
220,대전,서구,미즈여성산후조리원,"대전광역시 서구 문정로2번길 95, 7~8층(탄방동)",042-483-3576,220,520
221,대전,유성구,아이미래 테크노 산후조리원,"대전광역시 유성구 테크노중앙로 40(관평동,8층)",042-867-7576,200,0
222,대전,유성구,도안누리산후조리원,대전광역시 유성구 원신흥남로28번길(원신흥동),042-820-2850,234,286
223,대전,유성구,미즈제일산후조리원,대전광역시 유성구 계룡로126번길(봉명동),042-821-0001,260,520
224,울산,남구,르보아산후조리원,울산광역시 대공원로 241 코오롱파크폴리스 6층,052-256-1052,260,280
225,울산,남구,보람병원산후조리원,울산광역시 돋질로 336번길 10,052-278-4500,270,0
226,울산,남구,프라우메디병원 산후조리원,울산광역시 삼산중로 94,052-226-7700,250,270
227,울산,남구,리안산후조리원,"울산광역시 번영로 160, 4층",052-272-2378,330,0
228,울산,동구,로즈메디산후조리원,울산광역시 동구 방어진순환도로 747,052-234-3575,180,0
229,울산,중구,맘스산후조리원,"울산광역시 중구 남외2길 36 (6, 7층)",052-290-6721,200,260
230,울산,중구,피오레산후조리원,"울산광역시 중구 종가로 310, M타워 10층",052-256-6011,380,475
231,세종,세종시,르보아산후조리원,"세종특별자치시 한누리대로 165, 세종메디피아빌딩 8층",044-716-1004,330,380
232,세종,세종시,드이자르산후조리원,세종특별자치시 갈매로351에비뉴힐빌딩B동3층,044-905-1004,320,340
233,세종,세종시,서산후조리원,"세종특별자치시 만남로 146번지 삼성프라자 3,4층",044-905-3582,290,310
234,세종,세종시,세종제일산후조리원,"세종특별자치시 한누리대로 2265, 5층,6층",044-867-4600,260,0
235,세종,세종시,㈜봄날산후조리원,"세종특별자치시 마음로78 , 스마트큐브2  6,7층",044-862-1070,300,300
236,경기,고양시 덕양구,주)세인트누보,경기도 고양시 덕양구 충장로 2. 센트럴빌딩8층,031-970-3335,360,410
237,경기,고양시 덕양구,더플라워 동그라미,경기도 고양시 화중로 72번지 6층,031-819-1000,290,320
238,경기,고양시 덕양구,이자르,"경기도 고양시 덕양구중앙로558,16-6(행신동신일빌딩)",031-938-3038,200,0
239,경기,고양시 일산동구,유재,"경기도 고양시 일산동구 중앙로 1317, 6층(장항동, 일산복합빌딩)",031-810-9877,294,375
240,경기,고양시 일산동구,그레이스,"경기도 고양시 일산동구 중앙로 1071, 6~8층(백석동)",031-901-4000,390,420
241,경기,고양시 일산동구,㈜허스토리,"경기도 고양시 일산동구 중앙로1261번길 61, 8~9층(장항동, 메트로골드)",031-902-3588,280,330
242,경기,고양시 일산동구,퀸스파크,"경기도 고양시 일산동구 위시티로 18, 2층(식사동, 동국타워)",031-932-3737,368,408
243,경기,고양시 일산동구,더 아마레,"경기도 고양시 일산동구 일산로 433, 2~3층(정발산동)",031-922-8200,230,250
244,경기,고양시 일산서구,아이산 산후조리원,경기도 고양시 일산서구 덕이로8,031-916-9410,280,0
245,경기,고양시 일산서구,사랑애 산후조리원,"경기도 고양시 일산서구 중앙로1443,",031-911-0704,240,0
246,경기,고양시 일산서구,베니에 산후조리원,경기도 고양시 일산서구 중앙로1559,031-924-5800,230,250
247,경기,광명시,미래여성산후조리원,"경기도 광명시 범안로 1062, 천일빌딩 8~9층",02-807-1002,260,310
248,경기,광명시,레피리움산후조리원 광명,"경기도 광명시 소하로 109번길 22, 3~4층(소하동)",02-898-3572,300,0
249,경기,광명시,광명제일산후조리원(소하점),"경기도 광명시 소하로78, 신성프라자 4층",02-898-0898,230,0
250,경기,광명시,미래휴산후조리원,"경기도 광명시 범안로 1060, 남전빌딩 4층",02-892-2300,250,280
251,경기,광명시,광명제일산후조리원(광명점),"경기도 광명시 광명로 906, 현대빌딩 9층",02-2686-5800,250,0
252,경기,광명시,이즈맘산후조리원,"경기도 광명시 오리로 889, 7~8층(철산동)",02-2066-3555,210,250
253,경기,광명시,광명제일산후조리원 신관,경기도 광명시 광명로 878(광명동),02-2616-2686,290,350
254,경기,구리시,동그라미,경기도 구리시 검배로 36길 현주빌딩 6층,031-567-0012,230,0
255,경기,구리시,마리본,경기도 구리시 건원대로33번길 4,031-551-2700,210,230
256,경기,구리시,마더러브,"경기도 구리시 아차산로 499, 티움 B동 4층",031-564-3535,260,0
257,경기,구리시,이자르씨엔세스 구리토평점,경기도 구리시 벌말로 145,031-555-8844,280,300
258,경기,군포시,산본제일병원부설 신산본 산후조리원,경기도 군포시 산본로 386번길 4-19,031-390-1900,210,230
259,경기,군포시,산본제일산후조리원,경기도 군포시 산본로 386번길 4-11,031-390-3790,200,220
260,경기,군포시,베네라산후조리원,경기도 군포시 산본로394,031-398-0721,300,320
261,경기,군포시,맘스포레산후조리원,경기도 군포시 산본로398 태주빌딩 7-8층,031-399-6522,270,0
262,경기,김포시,스위트나리 산후조리원,경기도 김포시 돌문로 99,031-997-6301,390,600
263,경기,김포시,결한방 산후조리원,"경기도 김포시 김포한강1로 247, 703",031-991-9933,350,390
264,경기,김포시,조은미래 산후조리원,"경기도 김포시 김포한강8로 396, 지오타워 6~7층",031-982-6655,270,300
265,경기,김포시,㈜한강가온누리 베누앙 산후조리원,"경기도 김포시 태장로 808, 7~8층",031-8049-3535,450,700
266,경기,김포시,히즈메디 수 산후조리원,경기도 김포시 김포대로 681,031-996-3607,290,320
267,경기,김포시,이자르레피리움 산후조리원,"경기도 김포시 유현로 52, 2층 현대프라임프라자",031-981-2998,280,0
268,경기,남양주시,메디피아,경기도 남양주시 호평동 경춘로1511(14 메디피아빌딩 4층),031-595-8400,160,0
269,경기,남양주시,조은,경기도 남양주시 평내동 경춘로 1256번길 9(579-2 다모아프라자 403-408호),031-511-1187,220,0
270,경기,남양주시,한나,경기도 남양주시 호평동 640-2 늘을 2로 20(640-2 리베로빌딩 501-505호),031-592-6122,220,0
271,경기,남양주시(풍양),드림맘,경기도 남양주시 진접읍 해밀예당1로 79-3,031-527-2900,230,330
272,경기,남양주시(풍양),동그라미(별내점),경기도 남양주시 별내동 별내2로 74,031-838-1000,290,0
273,경기,남양주시(풍양),마리라헨,경기도 남양주시 별내동 별내3로 320,031-568-7373,300,360
274,경기,부천시 원미구,㈜서울여성,경기도 부천시 원미구 길주로84(상동),032-230-7200,260,310
275,경기,부천시 원미구,초앤유,경기도 부천시 원미구 중동로 248번길 19,032-320-3706,220,290
276,경기,부천시 원미구,삼성미래,경기도 경기도 부천시 원미구 부흥로 307번길 23,032-322-7500,220,290
277,경기,부천시 원미구,㈜더홈,경기도 경기도 부천시 원미구 중동 길주로 251(중동1056-3),032-328-3630,320,420
278,경기,부천시 원미구,친정,경기도 부천시 원미구 부천로 110-1 한위빌딩 8층,032-665-0070,190,240
279,경기,부천시 원미구,한아름,경기도 부천시 원미구 송내대로 265번길 19 대신프라자 6층 ,032-329-9400,240,260
280,경기,부천시 원미구,주식회사로엔,"경기도 부천시 원미구 길주로307, 로얄프라자 7층701호",032-324-2100,290,300
281,경기,성남시 분당구,분당차병원,경기도 성남시 분당구 야탑로 65번길 16,031-780-2996,360,555
282,경기,성남시 분당구,엄마손,경기도 성남시 분당구 야탑로 32,031-703-5550,170,210
283,경기,성남시 분당구,분당더팰리스,경기도 성남시 분당구 황새울로 200번길 36,031-711-6169,330,380
284,경기,성남시 분당구,분당제일,"경기도 성남시 분당구 서현로 180번길, 29",031-781-3631,352,376
285,경기,성남시 분당구,세인트포시즌,경기도 성남시 분당구 서현로 180번길 26,031-703-2015,320,320
286,경기,성남시 분당구,㈜디아망산후조리원 분당서현점,경기도 성남시 분당구 중앙공원로 40번길 4,031-781-7004,250,260
287,경기,성남시 분당구,㈜와이케이동그라미 레피리움 판교점,경기도 성남시 분당구 운중로 128,031-709-5800,400,0
288,경기,성남시 분당구,더리움,경기도 성남시 분당구 판교역로192번길 14-2,031-8016-1173,349,399
289,경기,성남시 분당구,에르메스,경기도 성남시 분당구 정자일로 121,031-717-7787,370,370
290,경기,성남시 분당구,라크렘,경기도 성남시 분당구 새마을로 231,031-706-9988,580,1150
291,경기,성남시 분당구,플로라,경기도 성남시 분당구 새마을로165번길 34,031-702-3377,340,390
292,경기,성남시 분당구,포스피탈림,경기도 성남시 분당구 서현로 180번길 13,031-603-9921,340,380
293,경기,성남시 분당구,㈜배냇산후조리원,경기도 성남시 분당구 구미로9번길 7,031-718-5678,290,340
294,경기,성남시 수정구,다온산후조리원,성남시 수정구 제일로 147(수진동),031-752-2627,220,250
295,경기,성남시 수정구,신데렐라산후조리원,성남시 수정구 수정로 80(수진동),031-723-7776,240,260
296,경기,성남시 수정구,이제산후조리원,성남시 수정구 수정로 171번길 7-1(수진동),031-721-5700,161,187
297,경기,성남시 수정구,곽생로산부인과부설산후조리원,성남시 수정구 수정로 73번길 16-27,031-723-7266,319,349
298,경기,성남시 수정구,위례퍼스트산후조리원,성남시 수정구 위례광장로 41번길 4층,031-756-0006,340,0
299,경기,성남시 수정구,드이자르산후조리원,"성남시 수정구 성남대로1202, 유천빌딩 3~5층",031-757-6161,285,0
300,경기,성남시 중원구,맘스파크,경기도 성남시 중원구 자혜로17번길 16,031-734-0005,250,270
301,경기,시흥시,㈜중앙산후케어하우스 산후조리원,"경기도 시흥시 대야로 34, 3~4층 ( 대야동)",031-315-3338,200,260
302,경기,시흥시,시화박산부인과조리원,"경기도 시흥시 정왕대로 184, 3층(정왕동)",031-319-7861,130,130
303,경기,시흥시,예진 산후조리원,"경기도 시흥시 정왕대로 78, 4층(정왕동)",031-431-1134,250,270
304,경기,시흥시,한나 산후조리원,"경기도 시흥시 월곶해안로 171, 3~4층(월곶동)",031-316-8852,190,200
305,경기,안산시 단원구,라움산후조리원,"경기도 안산시 단원구 광덕1로 195, 6층 601호 (고잔동, 광장타워)",031-485-5544,330,390
306,경기,안산시 단원구,맘편한산후조리원,"경기도 안산시 단원구 원포공원2로 35 (초지동,메가쇼핑1, 5층 전체)",031-411-3552,270,290
307,경기,안산시 단원구,세창의료재단우성여성병원산후조리원,"경기도 안산시 단원구 고잔로 58-10 (고잔동,5층전체, 7층일부)",031-412-3070,200,239
308,경기,안산시 단원구,한빛여성병원산후조리원,"경기도 안산시 단원구 광덕동로 53 (고잔동,5~6층)",031-410-3316,200,0
309,경기,안산시 단원구,열린산후조리원,"경기도 안산시 단원구 선부광장1로 22 (선부동,5층)",031-402-3636,200,230
310,경기,안산시 상록구,미즈피아산후조리원,"경기도 안산시 상록구 샘골로 112, 2층",031-407-0077,180,0
311,경기,안성시,모아산후조리원,경기도 안성시 중앙로 368(7층),031-674-7759,180,200
312,경기,안양시 동안구,봄빛산후조리원,"경기도 안양시 동안구 평촌대로217번길 27 (호계동, 봄빛병원 8층)",031-380-7300,210,210
313,경기,안양시 동안구,봄빛병원부설 산후조리원1관,"경기도 안양시 동안구 시민대로 181 (비산동, 건설타워 5층 )",031-384-1010,185,230
314,경기,안양시 동안구,봄빛병원 부설 산후조리원 2관,"경기도 안양시 동안구 시민대로 214 (호계동, 다운타운 9층, 10층)",031-385-1010,210,380
315,경기,안양시 동안구,노블맘 산후조리원,"경기도 안양시 안양시 동안구 평촌대로211번길 16 (호계동, 동아월드프라자 10층)",031-386-1300,250,260
316,경기,안양시 동안구,디어맘산후조리원,경기도 안양시 동안구 동편로 20번길 28,031-422-0081,220,0
317,경기,안양시 동안구,그랑베이산후조리원,"경기도 안양시 동안구 흥안대로 125, 7층(호계동, 동안빌딩)",031-427-1725,420,420
318,경기,안양시 만안구,동그라미산후조리원 안양점,"경기도 안양시 만안구 예술공원로 153-18,2층",031-471-6610,290,0
319,경기,양주시,더올리비에르,경기도 양주시 평화로1489번길 13,031-859-8866,270,0
320,경기,양주시,그라티아,"경기도 양주시 고읍남로 6-6, 해동센트럴타워 6층",031-856-7790,270,280
321,경기,오산시,우먼필산후조리원,경기도 오산시 대원로 24(원동),031-378-5949,270,0
322,경기,오산시,하늘고래산후조리원,경기도 오산시 대원로 57(원동),031-373-3588,180,200
323,경기,오산시,오산산후조리원,"경기도 오산시 경기대로 154, 6층",031-373-3568,230,210
324,경기,용인시 기흥구,푸르밍산후조리원,경기도 기흥구 보정동 1263 죽전누리에뜰 3층,031-888-9921,200,270
325,경기,용인시 기흥구,다온누리산후조리원,경기도 기흥구영덕동985-1이시티B동6층,1566-1641,208,248
326,경기,용인시 기흥구,사랑돌봄산후조리원,경기도 기흥구 서천로202번길 1,031-548-2705,270,0
327,경기,용인시 기흥구,포모나산후조리원,경기도 기흥구 흥덕 중앙로120(영덕동),031-215-7722,300,340
328,경기,용인시 기흥구,벨라니산후조리원,경기도 기흥구 헝둑2로 85(영덕동 우연프라자5층),031-211-2288,300,350
329,경기,용인시 기흥구,노블엘르산후조리원,경기도 기흥구 구갈로 70(구갈동),031-286-1016,270,310
330,경기,용인시 기흥구,포근포근산후조리원,경기도 기흥구 죽전로 2 (보정동 현타위 9층),031-897-7988,220,0
331,경기,용인시 기흥구,크래들산후조리원,경기도 기흥구 죽현로 80번깅 54(보정동),031-896-2222,300,340
332,경기,용인시 수지구,에스더 산후조리원,"경기도 용인시 수지구 용구대로 2702, 4~5층 (죽전동, 동춘프라자)",031-264-2722,270,285
333,경기,용인시 수지구,수지미래 산후조리원,"경기도 용인시 수지구 포은대로313번길 4, 6~7층 (풍덕천동)",031-896-3333,266,304
334,경기,용인시 수지구,알리르마리,"경기도 용인시 수지구 손곡로 95, 4~5층 (동천동, 송란아트프라)",031-263-1068,260,300
335,경기,용인시 수지구,디엘린,경기도 용인시 수지구 성복2로 348 (성복동),031-263-8855,400,560
336,경기,용인시 수지구,포시즌,"경기도 용인시 수지구 풍덕천로 149, 7층 (풍덕천동, 현대프라자)",031-272-7788,250,250
337,경기,용인시 수지구,㈜디아망산후조리원,"경기도 용인시 수지구 법조로 242, 3~5층 (상현동, 광교파크프라자)",031-225-0011,270,290
338,경기,용인시 처인구,마미맘스산후조리원,경기도 용인시 처인구 금학로 345번길(김량장동),031-323-3510,250,280
339,경기,용인시 처인구,용인제일산후조리원,"경기도 용인시 처인구 중부대로 1347번길 7, 8층(김량장동)",031-8031-0200,200,200
340,경기,의왕시,라움산후조리원,"경기도 의왕시 포일세거리로 10, 3층(포일동, 포일프라임타워)",031-422-5155,300,350
341,경기,의정부시,우먼피아,"경기도 의정부시 청사로5번길 8~9층(신곡동, 씨티메디타운)",031-853-6767,300,320
342,경기,의정부시,㈜이자르레피리움네이처,"경기도 의정부시 외미로 95. 7층(호원동, 하나프라자)",031-836-3001,240,0
343,경기,의정부시,맘 산후조리원,"경기도 의정부시 신흥로 130, 3~4층(호원동, 온누리빌딩)",031-879-8434,280,0
344,경기,의정부시,릴리브 산후조리원,"경기도 의정부시 오목로 205번길 22, 2~5층(민락동, 위드프라자)",031-853-2030,250,290
345,경기,의정부시,우먼피아민락점,경기도 의정부시 오목로225번길 100 CY빌딩 7층,031-853-2030,350,350
346,경기,의정부시,히아신스,"경기도 의정부시 부용로 105(금오동, 473-4 플래티넘프라자2, 6층)",031-853-9115,250,250
347,경기,이천시,마리나산후조리원,경기도 이천시 경충대로 2564,031-636-0671,200,250
348,경기,이천시,YJB산후조리원,경기도 이천시 이섭대천로 1186,031-631-9170,200,220
349,경기,파주시,뉴아모르,경기도 파주시 와석순환로 133,070-7813-2000,240,0
350,경기,파주시,미소래,경기도 파주시 금정7길 29,031-945-1837,260,0
351,경기,파주시,쉼,"경기도 파주시 경의로 1114, 에펠타워 7층",031-947-9030,430,0
352,경기,파주시,라벨팜므,"경기도 파주시 경의로 1100, 연세빌딩 5층",031-942-3535,430,510
353,경기,파주시,드팜므,경기도 파주시 와동동 1458-1 아름터타워 8~10층,031-949-1265,400,1200
354,경기,파주시,와이즈,경기도 파주시 금바위로 50,031-937-8858,230,0
355,경기,평택시평택,예일퀸스하우스산후조리원,경기도 평택시 중앙로 146-1,031-8054-7337,294,308
356,경기,평택시평택,지엔산후조리원,경기도 평택시 비전5로 3,031-1800-7050,286,400
357,경기,평택시평택,라마즈산후조리원,경기도 평택시 중앙로 106.3층,031-618-9793,230,310
358,경기,평택시평택,안중산후조리원,경기도 평택시 안중읍 안중로 131번길 14-15,070-4284-7924,160,0
359,경기,평택시평택,㈜럭셔리포레산후조리원,경기도 평택시 비전2로 121,031-651-8279,300,0
360,경기,평택시송탄,더네이처산후조리원,"경기도 평택시 지산로64 4,6층",031-668-3579,350,411
361,경기,하남시,샤넬 산후조리원,"경기도 하남시 덕풍동로 111-15,9층(덕풍동, 리치플러스)",031-796-8816,250,0
362,경기,하남시,연세아란산후조리원,"경기도 하남시 미시강변대로54번길121, 연세아란빌딩6,7층(풍산동)",031-793-8300,280,380
363,경기,하남시,미사린 산후조리원,"하남시 미사강변대로34번길 66, 플레이스이안 5층(풍산동)",031-792-3355,300,350
364,경기,화성시,GM 산후조리원,화성시 봉담읍 삼천병마로 1344,031-278-7373,170,0
365,경기,화성시,미즈파크 산후조리원,화성시 동탄 지성로 139,031-8003-7575,215,230
366,경기,화성시,해피본 산후조리원,화성시 향남읍 향정중앙로 69-17,031-8059-8866,245,0
367,경기,화성시,YK동그라미 산후조리원,화성시 반월동 882 두산위브 2층,031-273-6644,450,0
368,경기,화성시,누리보듬 산후조리원,화성시 동탄지성로 126,031-8003-5445,220,260
369,경기,화성시,반송제일 산후조리원,화성시 동탄공원로 24,031-8015-0115,195,0
370,경기,화성시,동탄제일프리미엄,화성시 석우동 42-4,031-266-3535,300,370
371,경기,화성시,동탄제일 산후조리원,화성시 동탄중앙로381-7 성심프라자 5층,031-8015-1115,240,240
372,경기,화성시,아이소리 산후조리원,화성시 반송동 동탄문화센타 61 3층 아시아프라자,031-8015-2022,245,265
373,경기,화성시,위대한탄생 산후조리원,"화성시 동탄대로 537, 3층 338-342호",031-372-6762,270,0
374,경기,화성시,노블아이 산후조리원,"화성시 동탄신리천로 254, 양지프라자5F",031-8077-2292,400,500
375,경기,수원시 장안구,우먼플러스산후조리원,경기도 수원시 장안구 경수대로 892(조원동),031-248-8114,230,0
376,경기,수원시 장안구,베스트산후조리원,경기도 수원시 장안구 만석로 5번길 12-8(천천동),031-269-8833,220,280
377,경기,수원시 권선구,오월꿈 산후조리원,경기도 수원시 권선구 경수대로 358(권선동),031-225-7777,266,0
378,경기,수원시 권선구,에덴메디 산후조리원 1호점,"경기도 수원시 권선구 동수원로 220, 3층",031-232-8114,280,310
379,경기,수원시 권선구,에덴메디 산후조리원 2호점,경기도 수원시 권선구 덕영대로 1156,031-233-6114,250,0
380,경기,수원시 권선구,세인트마리 산후조리원,경기도 수원시 권선구 금곡로 197번길 70(금곡동),031-289-3056,280,360
381,경기,수원시 권선구,루시아 산후조리원,경기도 수원시 권선구 서부로 1596번길 10,031-895-8100,270,410
382,경기,수원시 팔달구,쉬즈메디 산후조리원,경기도 수원시 팔달구 경수대로527(인계동),031-235-7337,280,390
383,경기,수원시 팔달구,수원제일 산후조리원,"경기도 수원시 팔달구 덕영대로 691번길12(화서동, 5층)",070-4848-2768,190,230
384,경기,수원시 팔달구,수원제일리젠,"경기도 수원시 팔달구 덕영대로 691번길12(화서동, 6층)",070-4848-2769,230,250
385,경기,수원시 영통구,베누스산후조리원,"경기도 수원시 영통구 반달로 21, 6층 (영통동, 매직플라자)",031-204-2049,250,290
386,경기,수원시 영통구,샤론산후조리원,"경기도 수원시 영통구 청명남로34번길 21, 6층 (영통동, 테라스가든)",031-204-9700,320,380
387,경기,수원시 영통구,(주)시온산후조리원,경기도 수원시 영통구 봉영로 1605 (영통동),031-206-7500,260,290
388,경기,수원시 영통구,㈜네이처스품산후조리원,경기도 수원시 영통구 웰빙타운로36번길 46-229(이의동),031-215-7347,460,460
389,경기,수원시 영통구,미소 산후조리원(영통점),경기도 수원시 영통구 반달로7번길 40 (영통동),031-273-0051,210,250
390,경기,수원시 영통구,연세산후조리원,경기도 수원시 영통구 중부대로 333 (원천동),031-548-2020,195,230
391,경기,여주시,경기 여주공공산후조리원,경기도 여주시 여흥로160번길 16,031-881-9500,168,0
392,강원,강릉시,세가온산후조리원,강원도 강릉시 율곡로 2982-6(교동),033-643-8114,230,250
393,강원,강릉시,아이앤맘산후조리원,강원도 강릉시 옥가로 21 지산빌딩 6층(옥천동),033-643-9600,295,333
394,강원,강릉시,행복누리산후조리원,강원도 강릉시 경강로 2109 문선빌딩 5층(임당동),033-641-6680,275,315
395,강원,동해시,글로리아산후조리원,강원도 동해시 천곡로 86-2 (천곡동),033-532-0080,190,230
396,강원,동해시,아이맘산후조리원,강원도 동해시 한섬로 113-7 (천곡동),033-532-8082,190,230
397,강원,삼척시,강원도삼척의료원 공공산후조리원,강원도 삼척시 오십천로 418,033-570-7550,180,0
398,강원,원주시,㈜미래 산후조리원,강원도 원주시 서원대로402,033-765-7900,190,210
399,강원,원주시,율 산후조리원,강원도 원주시 능라동길61,033-765-0652,250,270
400,강원,원주시,연세봄 산후조리원,강원도 원주시 시청로98,033-745-5602,180,190
401,강원,원주시,미즈 산후조리원,강원도 원주시 이화6길1,033-733-3537,230,250
402,강원,원주시,연세순풍 산후조리원,강원도 원주시 장미공원길43-6,033-745-7020,260,0
403,강원,원주시,(주)프리티가든산후조리원,강원도 원주시 영랑길14-2,033-901-5959,240,260
404,강원,춘천시,호산후조리원,강원도 춘천시 퇴계로 188 쎈타워 6.7층,033-261-3317,200,230
405,강원,춘천시,아름다운산후조리원,강원도 춘천시 터미널길 21,033-241-7400,230,280
406,강원,춘천시,미래산후조리원,강원도 춘천시 중앙로 116,033-241-7677,180,185
407,강원,철원군,철원군 공공산후조리원,강원도 철원군 갈말읍 명성로 202-9,033-452-2990,179,0
408,충남,천안시 동남구,연세하임산후조리원,충청남도 천안시 동남구 수곡2길 17-17,041-412-5566,280,280
409,충남,천안시 서북구,리즈앤마리안산후조리원,충청남도 천안시 서북구 두정로202(두정동),041-523-6110,250,0
410,충남,천안시 서북구,이화산후조리원,충청남도 천안시 서북구 충무로161(쌍용동),041-570-1280,220,0
411,충남,천안시 서북구,혜성성산후조리원,충청남도 천안시 서북구 미라3길15(쌍용동),041-570-9300,200,0
412,충남,천안시 서북구,쟈스민산후조리원,충청남도 천안시 서북구 두정로208(두정동),041-567-1052,230,240
413,충남,천안시 서북구,퀸스산후조리원,충청남도 천안시 서북구 성정공원1길 9-13,041-902-1000,280,350
414,충남,천안시 서북구,노블리스산후조리원,충청남도 천안시 서북구 성정공원1길 9-13,041-902-3355,270,0
415,충남,천안시 서북구,더앙즈로산후조리원,충청남도 천안시 서북구 불당99길 7,041-1644-0870,290,350
416,충남,공주시,미앤맘산후조리원,충남 공주시 번영1로 124(신관동),041-840-1080,140,0
417,충남,아산시,미즈산후조리원,충청남도 아산시 번영로204(모종동) 청아메디타워,041-547-2024,190,240
418,충남,아산시,㈜다온미래산후조리원,"충청남도 아산시 배방읍 배방로26,701호",041-549-3582,220,250
419,충남,아산시,(주)삼성미즈산후조리원,충청남도 아산시 배방읍 고속철대로 71,041-980-0000,280,320
420,충남,서산시,한마음산후조리원,충청남도 서산시 율지4로 5,041-667-8560,180,200
421,충남,서산시,엠산후조리원,충청남도 서산시 남부순환로 1031 2층,041-429-2004,210,210
422,충남,당진시,미즈맘산후조리원,충청남도 당진시 당진중앙2로 415(수청동),041-352-8720,240,0
423,충남,당진시,맘앤캐슬산후조리원,충청남도 당진시 시청1로 72(읍내동),041-357-3853,220,0
424,충북,청주시 상당구,삼성산후조리원,청주시 상당구 용암북로 160번길 34-7,043-291-3582,116,0
425,충북,청주시 서원구,민병열산부인과산후조리원,청주시 서원구 사직대로 101(사창동),043-262-8540,140,160
426,충북,청주시 서원구,㈜모태안산후조리원,청주시 서원구 복대로 17번길 7-42(개신동),043-239-0002,225,325
427,충북,청주시 서원구,하안유산후조리원,청주시 서원구 신화로 50(성화동),043-238-5900,211,237
428,충북,청주시 흥덕구,해피맘산후조리원,청주시 흥덕구 풍산로 36번길(가경동),043-239-0221,100,0
429,충북,청주시 흥덕구,청주미즈맘산후조리원,청주시 흥덕구 가경로 16-2(가경동),043-237-2201,110,120
430,충북,청주시 흥덕구,미래여성산후조리원,청주시 흥덕구 사직대로 42(복대동),043-267-2545,150,180
431,충북,청주시 청원구,다나산후조리원,"청주시 청원구 충청대로179(주중동, 청주다나여성병원)",043-284-3535,201,251
432,충북,청주시 청원구,미즈산후조리원,청주시 청원구 오창읍 중심상업로 17,043-2413-0201,180,0
433,충북,충주시,엔젤산후조리원,"충주시 약막7길 44-11, 1~2층(안림동)",043-854-8004,260,0
434,전북,군산시,은혜산후조리원,전라북도 군산시 월명로 144,063-471-2955,160,180
435,전북,군산시,미래와여성산후조리원,전라북도 군산시 문화로 164,063-441-1170,140,150
436,전북,전주시,한별산후조리원,"전라북도 전주시 덕진구 견훤로 215 (3,5,6층)",063-244-3559,140,280
437,전북,익산시,미래와여성 산후조리원,전라북도 익산시 배산로 66,063-857-5533,210,0
438,전북,익산시,휴산후조리원,전라북도 익산시 무왕로 1018,063-840-5060,220,0
439,전북,전주시,미르피아산후조리원,전라북도 전주시 완산구 쑥고개로 343,063-241-3522,160,0
440,전북,전주시,푸른산부인과 산후조리원,전라북도 전주시 덕진구 가재미로 7,063-247-2114,120,0
441,전북,전주시,정성산후조리원,전라북도 전주시 덕진구 도당산4길 8-18,063-244-4755,100,130
442,전북,전주시,세나산후조리원,전라북도 전주시 완산구 소대배기로 16,063-226-8230,155,170
443,전북,전주시,한나산후조리원,전라북도 전주시 덕진구 기린대로 489,063-250-3400,120,0
444,전북,전주시,우석대부속전주 한방병원산후조리원,전라북도 전주시 완산구 어은로 46 (5층),063-220-8300,185,235
445,전북,전주시,세인트포레산후조리원,전라북도 전주시 완산구 홍산로 245,063-236-1052,270,310
446,전북,정읍시,서울산후조리원,전라북도 정읍시 상동중앙로 55-1,063-532-9600,160,160
447,전북,정읍시,현대산후조리원,전라북도 정읍시 중앙로 20,063-532-5300,70,0
448,전남,목포시,미즈아이 산후조리원,전라남도 목포시 백년대로418 (옥암동),061-260-8888,199,0
449,전남,목포시,한사랑 산후조리원,전라남도 목포시 백년대로335 (상동),061-284-8855,190,0
450,전남,여수시,문화병원산후조리원,전라남도 여수시 대치3길 26,061-650-5000,180,0
451,전남,여수시,예울병원산후조리원,전라남도 여수시 신월로 114,061-655-2323,190,270
452,전남,순천시,현대여성아동병원 산후조리원,전라남도 순천시 장선배기 1길 8,061-729-8351,180,0
453,전남,순천시,미즈여성아동병원 산후조리원,전라남도 순천시 조례1길 10-26,061-720-8300,90,180
454,전남,광양시,미래여성산후조리원,전라남도 광양시 중마 142(중동),061-791-7094,168,175
455,전남,강진군,전남공공 산후조리원 2호점,전라남도 강진군 강진읍 탐진로 5,061-430-1010,154,154
456,전남,해남군,전남공공산후조리원 1호점,전라남도 해남군 해남읍 해남로 45,061-530-8650,154,0
457,전남,영광군,영광 산후조리원,전라남도 영광군 영광읍 와룡로 3,061-350-8830,210,252
458,전남,완도군,전남공공산후조리원 3호점,전라남도 완도군 완도읍 청해진동로 63,061-555-3030,154,0
459,경북,경산시,마미안여성병원 산후조리원,경상북도 경산시 경안로 217,053-813-1100,190,0
460,경북,경주시,맘존산후조리원,"경상북도 경주시원화로 315,5층(성동동)",054-749-7878,190,220
461,경북,경주시,신라산후조리원,경상북도 경주시원화로 393,054-744-9393,150,168
462,경북,구미시,아이모메디산후조리원,경상북도 경북 구미시 야은로 297(도량동),054-450-2770,140,160
463,경북,구미시,해피맘산후조리원,경상북도 구미시 신시로 74(형곡동),054-458-0119,190,203
464,경북,구미시,에바마레산후조리원,경상북도 구미시 삼일로 16(진평동),054-475-4500,180,200
465,경북,구미시,디아망산후조리원,경상북도 구미시 인동36길 10(진평동),054-716-1001,200,220
466,경북,구미시,새봄산후조리원,경상북도 구미시 송원서로 94(원평동),054-457-6100,200,0
467,경북,구미시,그린나래산후조리원,경상북도 구미시 산호대로 24길 9-45(옥계동),054-476-8008,210,220
468,경북,구미시,퀸스베이비산후조리원,경상북도 구미시 송원서로 6길 19-19,054-443-5755,230,260
469,경북,안동시,안동성소병원산후조리원,경상북도 안동시 서동문로 99(금곡동),054-840-8430,156,0
470,경북,포항시(북구),여성아이병원 산후조리원,경상북도 포항시 북구 우창동로 22번길 7,054-255-5000,240,230
471,경북,포항시(북구),포항엘리시아 산후조리원,경상북도 포항시 북구 법원로 98번길 12,054-248-0110,230,260
472,경남,거제시,엘르메디산후조리원,경상남도 거제시  거제중앙로 1925(고현동),055-638-0037,247,260
473,경남,거제시,미즈맘산후조리원,경상남도 거제시 거제중앙로 1729(상동동),055-688-9125,247,260
474,경남,김해시,우리산후조리원,경상남도 김해시 내외중앙로 91,055-321-0114,195,220
475,경남,김해시,오즈산후조리원,경상남도 김해시 계동로 203 오즈빌딩,055-311-0202,210,240
476,경남,김해시,더원산후조리원,경상남도 김해시 번화1로 80번길 5 메카빌딩,055-3232-7012,230,250
477,경남,김해시,맘스드림산후조리원,경상남도 김해시 경원로 55번길 12 진주빌딩,055-331-1800,240,320
478,경남,양산시,미즈모아산후조리원,경상남도 양산시 양산역6길 9 (중부동),055-365-0202,160,200
479,경남,양산시,에델산후조리원,경상남도 양산시 물금읍 야리로 127,055-912-0700,180,240
480,경남,양산시,연세사랑산후조리원,경상남도 양산시 물금읍 증산역로 136,055-366-5159,210,280
481,경남,진주시,참조은산후조리원,경상남도 진주시 진양호로317(신안동),055-742-8822,190,250
482,경남,진주시,보람산후조리원,경상남도 진주시 진양호로 255,055-747-3585,184,200
483,경남,진주시,미래여성산후조리원,경상남도 진주시 진주대로 957,055-760-8070,190,200
484,경남,창원시,선린산후조리원,경상남도 창원시 성산구 가양로 124번길 7,055-286-6650,140,0
485,경남,창원시,엔젤한방산후조리원,경상남도 창원시 의창구 창원대로 397번길 34,055-276-6556,220,260
486,경남,창원시,한마음산후조리원,경상남도 창원시 성산구 대암로 145번길 11-27,055-283-3055,240,0
487,경남,창원시,모란산후조리원,경상남도 창원시 성산구 마디미서로 56,055-282-1600,180,190
488,경남,창원시,마미캠프산후조리원,경상남도 창원시 성산구 상남로 73,055-286-3576,260,340
489,경남,창원시,미즈맘산후조리원,경상남도 창원시 의창구 원이대로 285번길 6,055-277-2255,170,0
490,경남,창원시,미래산후조리원,경상남도 창원시 의창구 원이대로 53,055-276-9242,140,0
491,경남,창원시,리베라산후조리원,경상남도 창원시 성산구 중앙대로 100번길 9,055-262-9922,280,378
492,경남,창원시,미래산부인과산후조리원,경상남도 창원시 마산합포구 3.15대로 32(월남동 4가 4-1),055-221-3777,60,0
493,경남,창원시,엠앤비산후조리원,경상남도 창원시 마산회원구 3.15대로 727 (합성1동 101-68),055-221-3520,225,245
494,경남,창원시,참여성병원산후조리원,경상남도 창원시 마산합포구 불종거리 19 (동성동 248-1),055-249-0593,55,65
495,경남,창원시,중앙자모산후조리원,경상남도 창원시 마산회원구 3.15대로 491-2 (회원1동62-66),055-248-3333,59,79
496,경남,창원시,예인산후조리원,경상남도 창원시 진해구 진해대로 958,055-541-3575,160,180
497,경남,창원시,온산후조리원,경상남도 창원시 진해구 진해대로 776번길 27,055-545-7803,200,0
498,경남,통영시,통영자모산후조리원,"경상남도 통영시 무전대로 4, 301",055-646-3537,200,220
499,제주,제주시,프린세스산후조리원,제주특별자치도 제주시 서광로 220. 4층 서광빌딩(삼도1동),064-722-2277,200,210
500,제주,제주시,예나산후조리원,제주특별자치도 제주시 남광로 83 (용담2동),064-748-0088,200,210
501,제주,제주시,에덴산후조리원,제주특별자치도 제주시 도령로 11(노형동),064-748-1828,180,190
502,제주,제주시,프라임산후조리원,제주특별자치도 제주시 오남로82 (오라2동),064-702-1155,230,260
503,제주,제주시,엔젤산후조리원,제주특별자치도 제주시과원로70 3층9연동),064-741-5335,250,250
504,제주,제주시,맘편한산후조리원,제주특별자치도 제주시1100로3283영화빌딩2층(노형),064-711-3080,180,0
505,제주,제주시,드림포레산후조리원,"제주특별자치도 제주시 서사로 136, 2층",064-759-7838,260,0
506,제주,서귀포시,서귀포공공산후조리원,제주특별자치도 서귀포시 중앙로 125,064-762-3005,154,0
507,제주,서귀포시,제주서귀포의료원 부설 산후조리원,제주특별자치도 서귀포시 장수로 47,064-730-3654,190,0
